ID,NAME,ID_CATEGORY_PARRENT,ALIAS
1,MENTHOL,81,Rexall Vanishing Scent Pain Relieving
2,BENZALKONIUM CHLORIDE,77,Benzalkonium Chloride Towelette
3,ZINC OXIDE,14,Sesderma SESPREVEX Calming and protecting foam
4,"Bottlebrush, Callistemon citrinus",36,"Pollens - Trees, Bottlebrush, Callistemon spp."
5,TRICLOSAN,48,Foamy Mango
6,ALUMINUM CHLOROHYDRATE,52,DawnMist Antiperspirant Deodorant
7,MOMETASONE FUROATE,11,ASMANEX HFA
8,doxazosin mesylate,77,Doxazosin
9,Midazolam Hydrochloride,14,Midazolam Hydrochloride
10,Metformin Hydrochloride,91,Metformin Hydrochloride
11,"Silicon Dioxide, Sodium Fluoride, and Triclosan",57,Colgate
12,"Sodium Borate, Graphite, Potassium Sulfate, and Sodium Chloride",68,natralia
13,diltiazem hydrochloride,14,diltiazem hydrochloride
14,TITANIUM DIOXIDE,25,NWC21 NATURAL SUN PROTECTOR
15,OCTINOXATE,19,Intervene Makeup Broad Spectrum Sunscreen SPF 15 Soft Cream
16,misoprostol,91,misoprostol
17,"ZOLPIDEM TARTRATE, CHOLINE",62,Gabazolpidem-5
18,Cefprozil,72,Cefprozil
19,Methylnaltrexone bromide,58,Relistor
20,TITANIUM DIOXIDE,66,Givenchy Fluid Foundation Airy-light Mat Radiance SPF 20 Tint 2
21,"Acetaminophen, Dextromethorphan HBr, Guaifenesin, Phenylephrine HCl",76,Maximum Strength Mucus Relief Severe Congestion and Cold Max
22,TRICLOSAN,5,ANTIBACTERIAL FOAMING
23,Anticoagulant Citrate Phosphate Dextrose Adenine,41,CPDA-1
24,NICOTINE,3,SUNMARK NICOTINE TRANSDERMAL SYSTEM
25,Couch Quack Grass,83,Couch Quack Grass
26,"Avobenzone, Oxybenzone, Octocrylene",2,Walgreens Anti-Sagging and Ultra Hydrating Day Broad Spectrum SPF15 Sunscreen
27,Fluvoxamine Maleate,28,Fluvoxamine Maleate
28,Metoclopramide,55,Metoclopramide
29,"Aconitum nap., Arg. nit., Arnica, Bryonia, Colchicum, Guaiacum, Hypericum, Kalmia, Phosphorus, Phytolacca, Pulsatilla, Rhus toxicodendron, Ruta, Sarcolacticum ac., Sticta, Stramonium, Hamamelis, Taraxacum,",4,Pain Soother
30,Triclosan,18,DebMed Antimicrobial Body Wash and Shampoo
31,Sisal,87,Sisal
32,"Oxytocin, Chimaphila Umbellata, Pituitary, Uva Ursi, Orchitinum, Prostate, Sarsaparilla",26,MBM 12 Male
33,Sodium Monofluorophosphate,77,Delta Airline Ron Kit
34,"OCTINOXATE, OCTISALATE, TITANIUM DIOXIDE",79,FusionBeauty Colorceuticals PrimeResults Tinted Moisturizer SPF15 Sand
35,FERRIC OXIDE RED,31,Calamine
36,Ursodiol,71,Ursodiol
37,HYDROCODONE BITARTRATE AND ACETAMINOPHEN,78,HYDROCODONE BITARTRATE AND ACETAMINOPHEN
38,"SODIUM SULFACETAMIDE, SULFUR",16,"SODIUM SULFACETAMIDE, SULFUR"
39,levonorgestrel / ethinyl estradiol and ethinyl estradiol,25,Seasonique
40,gabapentin,27,Gabapentin
41,Honeydew Melon,99,Honeydew Melon
42,"CHROMIUM, COPPER, IRON, MANGANESE, IODINE, FLUORINE, MOLYBDENUM, SELENIUM, and ZINC",15,Addamel N
43,WITCH HAZEL,66,HAMSOA YUYU PURE MILD WASH
44,Levothyroxine Sodium,71,Levothyroxine Sodium
45,zinc oxide,37,zinc oxide
46,Phenazopyridine Hydrochloride,98,Phenazopyridine Hydrochloride
47,FENOFIBRATE,67,Fenofibrate
48,Ibuprofen,13,ibuprofen
49,Sheep Sorrel,100,Sheep Sorrel
50,Omeprazole,85,equaline omeprazole
51,ALCOHOL,37,Quik-Care
52,Pilocarpine Hydrochloride,24,Pilocarpine Hydrochloride
53,"Hypromellose, Tetrahydrozoline hydrochloride",35,Rohto Arctic
54,ENALAPRIL MALEATE AND HYDROCHLOROTHIAZIDE,96,ENALAPRIL MALEATE AND HYDROCHLOROTHIAZIDE
55,Ranitidine Hydrochloride,34,Ranitidine Hydrochloride
56,Octinoxate,3,CLE DE PEAU BEAUTE REFINING FLUID FOUNDATION
57,Black Pepper,64,Black Pepper
58,"Antihemophilic Factor, Human Recombinant",85,ADVATE
59,"ATP, Malic acid, Natrum oxalaceticum, Oroticum acidum, Roboflavinum, Apiolum, Cinnamic acid, Streptococcus viridans, Colibacillinum cum naturm muriaticum, Echinacea,",25,Bacteria Plus
60,Valacyclovir Hydrochloride,12,Valacyclovir Hydrochloride
61,"Adrenocorticotrophin, Agnus castus, Baryta carbonica, Calcarea carbonica, Iodium, Lac caninum, Natrum muriaticum, Phosphoricum acidum, Sepia, Thyroidinum suis,",98,Anpitua Stim
62,clonidine hydrochloride,33,Clonidine Hydrochloride
63,"acetaminophen,pheniramine maleate, phenylephrine hydrochloride",11,Flu and Sore Throat
64,ONOSMODIUM VIRGINIANUM ROOT,13,DRY SORE THROAT
65,Zaleplon,40,Zaleplon
66,"SODIUM MONOFLUOROPHOSPHATE, SILICON DIOXIDE, GLYCERIN",10,NANO SILVER TOOTHPASTE
67,Albumin (Human),58,Plasbumin
68,Diclofenac Sodium,28,Diclofenac Sodium
69,Lithium Carbonate,6,Lithium Carbonate
70,Naproxen sodium,45,Topcare All Day Pain Relief
71,Imiquimod,30,Imiquimod
72,Salicylic Acid,41,Santalia Clinical Daily Cleanser
73,Baclofen,51,Baclofen
74,Bisacodyl,71,womans laxative
75,Promethazine Hydrochloride,33,PHENADOZ
76,BACITRACIN ZINC NEOMYCIN SULFATE POLYMYXIN B,75,ProcureTriple Antibiotic
77,Acetaminophen,96,babies r us pain relief
78,carisoprodol,73,carisoprodol
79,ABILIFY,27,ABILIFY
80,Alprazolam,98,Alprazolam
81,Lorazepam,12,Lorazepam
82,conjugated estrogens,72,Premarin
83,Erythromycin,54,Erythra-Derm
84,Loperamide Hydrochloride,81,anti diarrheal
85,SALICYLIC ACID,22,Fusion Beauty ColorCeuticals Acne Control Primer
86,Gemfibrozil,18,Gemfibrozil
87,alcohol,64,EO HAND SANITIZER
88,Caffeine,28,Stay Awake
89,Fluoxetine Capsules,61,Fluoxetine
90,OXYMETAZOLINE HYDROCHLORIDE,2,OXYMETAZOLINE HYDROCHLORIDE
91,Cilostazol,15,Cilostazol
92,retapamulin,89,Altabax
93,Ropinirole,67,Ropinirole
94,Nicotine Polacrilex,73,Nicotine
95,Melissa Chamomilla,98,Melissa Chamomilla
96,CETIRIZINE HYDROLORIDE,41,CETIRIZINE HYDROLORIDE Allergy
97,METAXALONE,91,METAXALONE
98,Titanium Dioxide and Zinc Oxide,76,Ready Foundation
99,betula nigra pollen and betula papyrifera pollen and betula lenta pollen and betula populifolia pollen,79,"BIRCH MIX, RIVER/PAPER/SWEET/WHITE POLLEN"
100,calcium carbonate,66,Meijer Softchews
101,Oxybutynin Chloride,63,Oxybutynin Chloride
102,Cold and Flu Solution,89,Cold and Flu Solution
103,"Avobenzone, Homosalate, Octisalate, and Octocrylene",55,Coppertone Sport
104,Diazepam,76,Diazepam
105,Acetaminophen,96,pain Relief
106,Bisacodyl,85,Bisac-Evac
107,OCTINOXATE,29,Lumene Vitamin C BB Illuminating Anti-Age BB Sunscreen Broad Spectrum SPF 20 Light
108,PHENAZOPYRIDINE HYDROCHLORIDE,22,Preferred Plus Maximum Strength Urinary Pain Relief
109,Titanium Dioxide,69,Flawless Finish Dual Perfection Makeup SPF 8 Buff
110,Fig,7,Fig
111,"Acetaminophen, Diphenhydramine HCl and Phenylephrine HCl",91,Wal-Dryl Allergy Plus Cold
112,"TRIBASIC CALCIUM PHOSPHATE, MATRICARIA RECUTITA, ARABICA COFFEE BEAN, and ATROPA BELLADONNA",52,Teething
113,Alcohol,32,Hand Sanitizer
114,ONDANSETRON,93,ONDANSETRON
115,amlodipine besylate and benazepril hydrochloride,48,Lotrel
116,"Aconite 30c, Belladonna 30c, Chamomilla 30c, Cimicifuga 30c, Ignatia 30c, Lachesis 30c, Pulsatilla 30c, Sepia 30c, Nux Vomica 30c Sulphur 30c",91,Mood Swings
117,Doxazosin Mesylate,98,Doxazosin
118,GLYCERIN,40,MAX HYALURONIC STEMCELL SLEEPING PACK
119,rifampin,69,Rifadin IV
120,citalopram hydrobromide,15,Celexa
121,Polyethylene Glycol 3350,68,Polyethylene Glycol 3350
122,"ACETAMINOPHEN, DEXTROMETHORPHAN HYDROBROMIDE, DOXYLAMINE SUCCINATE",8,Nite-Time
123,TITANIUM DIOXIDE,12,SENSAI CELLULAR PERFORMANCE POWDER FOUNDATION
124,hydrocodone bitartrate and acetaminophen,14,HYDROCODONE BITARTRATE AND ACETAMINOPHEN
125,Propranolol,56,Propranolol
126,Thuja Occidentalis,93,Naturasil
127,Menthol,42,Cold and Hot Pain Relief
128,Ethyl Alcohol,13,Skintegrity Instant Hand Sanitizer
129,Quinidine Sulfate,13,Quinidine Sulfate
130,Silver Sulfadiazine,52,Silver Sulfadiazine
131,Barium,66,Total Barium
132,"Dextromethorphan Hydrobromide, Doxylamine Succinate",52,Equaline night time
133,Dexmethylphenidate Hydrochloride,4,Dexmethylphenidate Hydrochloride
134,"Dextrose Monohydrate, Sodium Chloride, Calcium Chloride, Magnesium Chloride, Sodium Lactate",71,DELFLEX
135,Hydrocodone Polistirex and Chlorpheniramine Polisitrex,40,Hydrocodone Polistirex and Chlorpheniramine Polisitrex
136,TOBRAMYCIN SULFATE,82,Tobramycin in Sodium Chloride
137,mitoXANTRONE,75,mitoXANTRONE
138,Sodium Fluoride,88,Rembrandt Deeply White Plus Peroxide Whitening
139,SALICYLIC ACID,65,PSORIAPALM Non-Greasy Psoriasis
140,SILICEA,9,SILICEA
141,cetirizine Hydrochloride,22,allergy relief
142,Cefadroxil,19,Cefadroxil
143,"Uricum acidum, Benzoicum acidum, Berber. vulg., Bryonia, Cantharis, Carduus benedictus, Ceanothus, Chelidonium majus, Chionanthus virginica, Cinchona, Dioscorea, Dolichos, Iris versicolor, Juniperus com., Nux vom.,Ptelea,Taraxacum, Carduus mar., Cynara scolymus, Solidago",74,Detox
144,Salicylic acid,35,Medicated Apricot Scrub
145,Sertraline Hydrochloride,38,Sertraline Hydrochloride
146,Octinoxate and Oxybenzone,79,LBEL Couleur luxe rouge irresistible maximum hydration SPF 17
147,"Dextroamphetamine Saccharate, Amphetamine Aspartate, Dextroamphetamine Sulfate and Amphetamine Sulfate",80,"Dextroamphetamine Saccharate, Amphetamine Aspartate, Dextroamphetamine Sulfate and Amphetamine Sulfate"
148,"ACETAMINOHPEN, DEXTROMETHORPHAN HBr, PHENYLEPHRINE HCL",12,NON-DROWSY DAY TIME
149,ALCOHOL,20,Healing Waters Cherry Blossom Scented Waterless Hand Sanitizer
150,acetaminophen,23,Ringl
151,Diphenhydramine Hydrochloride,62,Diphenhydramine Hydrochloride
152,levothyroxine sodium,51,UNITHROID
153,"avobenzone, homosalate, octisalate, octocrylene",52,Ocean Potion Instant Dry 50 Mist Kids Sunscreen
154,CHLOROXYLENOL,39,Cleanse
155,Acetaminophen,94,leader pain relief
156,"Dextromethorphan HBr, Guaifenesin",58,Equate Tussin DM Max
157,"Antihemophilic Factor, Human Recombinant",54,ADVATE
158,LETROZOLE,4,Letrozole
159,Dexamethasone,71,Dexamethasone
160,diclofenac sodium and misoprostol,29,ARTHROTEC
161,"Avobenzone, Octisalate, Octocrylene",41,No7 Protect and Perfect Intense Day Cream Sunscreen Broad Spectrum SPF 15
162,"norethindrone and ethinyl estradiol, and ferrous fumarate",10,FEMCON Fe
163,icatibant acetate,32,Firazyr
164,Octinoxate and Oxybenzone,67,GAP Favorite Lip Balm
165,Treatment Set TS331579,63,Treatment Set TS331579
166,BENZALKONIUM CHLORIDE AND PRAMOXINE HYDROCHLORIDE,4,Neosporin Plus Pain Relief Neo To Go First Aid Antiseptic Pain Relieving
167,HYDROCORTISONE,92,Maximum Strength Hydrocortisone
168,Anastrozole,100,ARIMIDEX
169,Tretinoin,81,Retin-A MICRO
170,SALICYLIC ACID,44,Dollar General Acne Spot Medication
171,cyclobenzaprine hydrochloride,52,Cyclobenzaprine Hydrochloride
172,PSYLLIUM HUSK,85,KONSYL Orange Flavor Psyllium Fiber - Original Texture
173,Oxygen,58,Oxygen
174,Fosinopril Sodium,6,Fosinopril Sodium
175,Clarithromycin,77,Clarithromycin
176,Benzalkonium chloride,70,Smart Sense Cold Sore Treatment
177,Nicotine Polacrilex,81,Equate nicotine
178,Proparacaine Hydrochloride,88,Proparacaine Hydrochloride
179,"Titanium Dioxide, Ethylhexyl Methoxycinnamate, Ethylhexyl Salicylate",79,IQueen CCC Light
180,Citalopram,11,Citalopram
181,Duloxetin hydrochloride,67,Duloxetine hydrochloride
182,Hydrocortisone,97,Cortisone Maximum Strength
183,GANCICLOVIR,78,GANCICLOVIR
184,MENTHOL,25,Perform
185,Loratadine,80,Loratadine
186,Promethazine Hydrochloride,32,Promethazine Hydrochloride
187,Maple Red,78,ACER RUBRUM POLLEN
188,Articaine Hydrochloride and Epinephrine Bitartrate,90,Septocaine and Epinephrine
189,"OCTINOXATE, TITANIUM DIOXIDE",7,LINGERIE DE PEAU INVISIBLE SKIN-FUSION FOUNDATION WITH SUNSCREEN BROAD SPECTRUM SPF 20 01 BEIGE PALE
190,Technetium Tc-99m Generator,97,Ultra-TechneKow
191,Titanium Dioxide,76,4 in 1 Pressed Mineral SPF 15 Porcelain
192,Cetirizine Hydrochloride,5,Wal Zyr
193,Simvastatin,11,Simvastatin
194,escitalopram,26,Escitalopram Oxalate
195,Divalproex Sodium,66,Divalproex Sodium
196,"MAGNESIUM PHOSPHATE, DIBASIC TRIHYDRATE",49,MAGNESIA PHOS
197,Desmopressin Acetate,37,Desmopressin Acetate
198,"Aloe, CALENDULA OFFICINALIS FLOWERING TOP, HAMAMELIS VIRGINIANA ROOT BARK/STEM BARK, and Lycopodium clavatum Spore",71,Hemorrhoid Control
199,BUSHMASTER VENOM,32,LACHESIS MUTUS
200,TITANIUM DIOXIDE,43,ARSAINTE ECO THERAPY SUPER REPAIR BB
201,Salicylic Acid,99,Nu Skin Clear Action
202,Quetiapine fumarate,54,Quetiapine fumarate
203,escherichia coli,68,Pleo San Coli
204,Paprika,56,Paprika
205,Titanium Dioxide and Zinc Oxide,100,MDSolarSciences SPF40 Mineral Screen
206,levofloxacin,33,LEVAQUIN
207,Aluminum Zirconium Tetrachlorohydrex GLY,63,Dove Ultimate Beauty Care Smooth Cashmere
208,"Acetaminophen, Dextromethorphan HBr, Doxylamine Succinate, Phenylephrine HCl",67,dg health cold and flu relief
209,povidone-iodine,69,Triadine
210,BUPIVACAINE HYDROCHLORIDE and EPINEPHRINE BITARTRATE,9,Bupivacaine Hydrochloride and Epinephrine
211,TITANIUM DIOXIDE,4,Putto Secret UV Face
212,CEFPROZIL,8,CEFPROZIL
213,LISINOPRIL,68,LISINOPRIL
214,Clarithromycin,98,Clarithromycin
215,benzalkonium chloride,62,ANTIBACTERIAL BANDAGE
216,METFORMIN HYDROCHLORIDE,32,METFORMIN HYDROCHLORIDE
217,amiodarone hydrochloride,71,PACERONE
218,DIMETHICONE,8,OMIJA WHITENING
219,"Ibuprofen, Pseudoephedrine Hydrochloride",94,ibuprofen cold and sinus
220,tolvaptan,24,SAMSCA
221,"Belladonna, Calendula officinalis, Bellis perennis, Hypericum perforatum, Arnica montana, Mercuris solubilis, Symphytum officinale, Rhus toxicodendron, Ruta graveolens",56,Trauma Drama
222,Octinoxate and Oxybenzone,75,ESIKA Extreme Moisturizing SPF 16
223,Treatment Set TS351200,99,Treatment Set TS351200
224,Aurum Plumbum,80,Aurum Plumbum
225,"Fucus vesiculosus, Cyanocobalamin, Glandula suprarenalis suis, Hepar suis, Oophorinum, Human chorionic gonadotropin,",46,HCG Select Female Vitality Formula
226,NOT APPLICABLE,17,ADDICLENZ
227,Sodium Fluoride,57,Listerine Total Care Zero
228,Gabapentin,1,Gabapentin
229,ciprofloxacin,65,ciprofloxacin
230,montelukast sodium,50,SINGULAIR
231,Apis Bryonia,71,Apis Bryonia
232,"Elaps corallinus, Aconitum nap., Arsenicum alb., Aur. met., Baryta carb., Benzoicum acidum, Berber. vulg., Bryonia, Calc. fluor. ,Cantharis, Ceanothus, Chelidonium majus , Chionanthus virginica, Cinchona, Convallaria, Crotalus horridus, Digitalis, Gelsemium , Glonoinum, Hydroflouricum acidum, Kali iodatum, Lachesis, Lycopus virginicus, Naja, Nux vom., Phosphorus, Pulsatilla, Rhus toxicodendron , Vipera berus, Echinacea, Hypericum,Valeriana",23,Cardiac Support
233,Acetaminophen and Codeine Phosphate,49,Acetaminophen and Codeine Phosphate
234,Ibuprofen,58,Leader Ibuprofen 200
235,Folic Acid,51,Folic Acid
236,"Apis Mellifera 30C, Silver Nitrate 30C, Barium Carbonate 30C, Atropa Belladonna 30C, Causticum 30C, Equisetum Hyemale 30C, Iodine 30C, Wood Creosote 30C, Sodium Chloride 30C, Nitric Acid 30C, Phosphorus 30C, Pulsatilla Vulgaris 30C, Thuja Occidentalis Leafy Twig 30C",41,ENURESIS HP
237,Omeprazole,56,Omeprazole
238,diazepam,20,Diazepam
239,Famciclovir,70,Famciclovir
240,Amoxicillin,22,Amoxicillin
241,Hydrocodone Bitartrate and Acetaminophen,34,Hydrocodone Bitartrate and Acetaminophen
242,METHYLDOPA,35,Methyldopa
243,Triclosan,5,Olive Oil Antibacterial Foaming Hand Wash
244,"HYPERICUM,ECHINACEA,MEZEREUM,DROSERA,THUJA,KALI MURIATICUM,,SILICA,",54,DPT TOX
245,Simethicone,58,Extra Strength Gas Relief
246,Tamsulosin Hydrochloride,32,Tamsulosin Hydrochloride
247,Guaifenesin,25,mucus extended release
248,"OCTINOXATE, TITANIUM DIOXIDE",69,HYDRA LIFE PRO-YOUTH SKIN TINT 1
249,ziprasidone hydrochloride,77,Ziprasidone
250,Silk,87,Silk
251,TITANIUM DIOXIDE,73,Clarins Paris Skin Illusion - 107 Beige
252,"Acetaminophen, Dextromethorphan HBr, Doxylamine succinate, Phenylephrine HCl",42,NITE TIME DAYTIME
253,Selegiline Hydrochloride,69,Selegiline Hydrochloride
254,OCTINOXATE,99,SKIN CAVIAR CONCEALER FOUNDATION SUNSCREEN SPF 15 - Honey Beige
255,Phenazopyridine HCl,21,Phenazopyridine HCl
256,ETHYL ALCOHOL,25,Antibacterial Hand Sanitizer
257,Saltbush,56,Saltbush
258,SODIUM CHLORIDE,80,Sodium Chloride
259,enalapril maleate,50,Enalapril Maleate
260,"famotidine, calcium carbonate and magnesium hydroxide",94,Acid Controller Complete
261,RUTA GRAVEOLENS FLOWERING TOP,38,"Sprains, Tendonitis"
262,Ibuprofen,18,Up and Up childrens ibuprofen
263,"Acetaminophen, Dextromethorphan HBr, Phenylephrine HCl",92,DayTime Multi-Symptom Flu Cold Medicine
264,Doxycycline Hyclate,55,Doxycycline Hyclate
265,Salicylic Acid,96,Spot Repairing Serum
266,Naphazoline Hydrochloride,7,Naphazoline
267,Diphenhydramine Hydrochloride,84,smart sense allergy
268,Salicylic Acid,46,Oil-Free Foaming Acne Wash Facial Cleanser
269,Chloroxylenol,95,SPARTAN LITE N FOAMY E2 HAND WASH AND SANITIZER
270,Zolmitriptan,80,ZOMIG
271,"CHLORHEXIDINE GLUCONATE, ETHYL ALCOHOL",32,Purmist
272,"Acetylcholine Chloride, Adrenalinum, Dopamine, Gaba, Norepinephrine, Octopamine, Serotonin, Taurine",75,Cerebromax
273,Trichoderma harzianam,39,Trichoderma harzianam
274,Levocarnitine,80,Levocarnitine
275,amoxicillin,6,AMOXICILLIN
276,Citalopram Hydrobromide,31,Citalopram Hydrobromide
277,darunavir ethanolate,19,PREZISTA
278,salmonella enterica subsp. enterica serovar enteritidis,49,Pleo San Salm
279,Alcohol,99,Anti-Bacterial Hand Sanitizer
280,Omeprazole Magnesium 20.6mg Capsules,49,Omeprazole Magnesium
281,Benztropine Mesylate,71,Benztropine Mesylate
282,Aspirin,62,Adult Low Dose Aspirin
283,Nicotine Polacrilex,58,equaline nicotine
284,Codeine Phosphate and Guaifenesin,30,Virtussin AC
285,Megestrol Acetate,98,Megestrol Acetate
286,"Aspirin, Caffeine",25,Extra Strength Back and Body
287,Velvet Grass,36,HOLCUS LANATUS POLLEN
288,Diphenhydramine,56,ZzzSleep
289,sertraline hydrochloride,86,Sertraline Hydrochloride
290,Zinc Oxide,54,Premier Value Zinc Oxide
291,Naproxen Sodium,77,Naproxen Sodium
292,HUMAN CORD BLOOD HEMATOPOIETIC PROGENITOR CELL,51,HemaCord
293,"Avobenzone, Octinoxate, and Octisalate",89,R.E.M. Day SPF 30
294,"ACETAMINOHPEN, DEXTROMETHORPHAN HBr, PHENYLEPHRINE HCL",60,Multi- Symptom Relief DayTime
295,doxazosin mesylate,42,Doxazosin
296,Diphenhydramine hydrochloride,79,Leader Allergy
297,"Acetaminophen, Dextromethorphan Hydrobromide, and Phenylephrine Hydrochloride",14,Cold and Flu Daytime
298,Captopril,86,Captopril
299,PYRITHIONE ZINC,33,Proactiv
300,"LIDOCAINE HYDROCHLORIDE, MENTHOL",12,LenzaGel
301,Nitrogen,59,Nitrogen
302,perphenazine,47,Perphenazine
303,Menthol,89,Body
304,Etravirine,40,Intelence
305,"SODIUM PHOSPHATE, MONOBASIC, MONOHYDRATE, SODIUM PHOSPHATE, DIBASIC ANHYDROUS",11,OsmoPrep
306,CHLOROXYLENOL,24,VEHICLE BOAT BAG MEDICAL
307,Flumazenil,91,Flumazenil
308,Alternaria alternata,10,Alternaria alternata
309,OCTINOXATE,39,flormar REBORN BB SUNSCREEN BROAD SPECTRUM SPF 30 CP13 Nude Ivory
310,TOPIRAMATE,2,TOPIRAMATE
311,Aluminum Sesquichlorohydrate,5,ESIKA
312,Mucinex Fast Max Severe Congestion and Cough Maximum Strength,5,Mucus Relief Severe Congestion and Cough
313,Pramipexole Dihydrochloride,33,Pramipexole Dihydrochloride
314,naproxen and esomeprazole magnesium,96,VIMOVO
315,SODIUM FLUORIDE,56,COLGATE KIDS WATERMELON FLAVOR
316,Risperidone,80,Risperidone
317,Octinoxate and Titanium dioxide,48,PURE SHEER
318,Methylphenidate Hydrochloride,98,Methylphenidate HCl Oral Solution
319,Levofloxacin,74,Levofloxacin
320,"Cinnamic Acid, Phloridzinum, Alpha Ketoglutaricum Acidum, Ascorbicum Acidum, Kidney, Malic Acid, Nicotinamidum",66,Bladder Kidney Meridian Formula
321,Guanfacine,82,Guanfacine
322,clonazepam,97,Clonazepam
323,benzalkonium chloride and lidocaine,8,Your Logo Here Antiseptic First Aid
324,Triclosan,56,Hill Country Essentials
325,Octinoxate,55,Maybelline New York Instant Age Rewind Eraser
326,Ketotifen Fumarate,36,EYE ITCH RELIEF
327,"Zinc Oxide, Titanium Dioxide",67,Fair Foundation SPF 15
328,Pyrithione zinc,86,Itchy Scalp
329,Herring,32,Herring
330,Glycerin,69,Intense Care Snail Eye
331,Alcohol,26,GBG AloeGel Instant Hand Sanitizer
332,Triamterene and Hydrochlorothiazide,87,Triamterene and Hydrochlorothiazide
333,MISOPROSTOL,77,misoprostol
334,DIMETHICONE,85,SNAYTOX
335,THYROTROPIN ALFA,46,Thyrogen
336,Ergocalciferol,60,Ergocalciferol
337,Palm Queen Coco Palm,34,SYAGRUS ROMANZOFFIANA POLLEN
338,"Tryptophan,",69,Tryptophan
339,ziprasidone hydrochloride,50,Geodon
340,Fluoride Toothpaste,89,Iodent Fluoride Toothpaste
341,"Acetaminophen, Dextromethorphan Hydrobromide, Doxylamine Succinate, Pseudoephedrine Hydrochloride",7,Nighttime D
342,Cetylpyridinium Chloride,27,Roccos Old School
343,Levofloxacin,48,Levofloxacin
344,Mustard,100,Mustard
345,Octinoxate,20,Purminerals 4-in-1 14-Hour Wear Foundation Broad Spectrum SPF 15 (TAN)
346,Hydrocodone Bitartrate and Acetaminophen,59,Vicodin HP
347,lettuce,45,LETTUCE
348,"ALUMINUM HYDROXIDE, MAGNESIUM HYDROXIDE, DIMETHICONE",13,Antacid Antigas Maximum Strength
349,penicillin G benzathine,76,BICILLIN L-A
350,Flucytosine,43,Flucytosine
351,Sodium Fluoride and Hydrofluoric Acid,48,Perfect Choice
352,NITROUS OXIDE,68,NITROUS OXIDE
353,alprazolam,1,Xanax
354,"Benzocaine,Isopropyl Alcohol",72,"PHOENIX HEALTHCARE SOLUTIONS, LLC"
355,"Influenza A Virus, Influenza B Virus, Antimon. tart., Arsenicum alb., Bryonia, Chelidonium majus, Cinchona, Drosera, Eucalyptus, Histaminum hydrochloricum, Hydrastis, Kali bic., Kali carb.,Kali iod., Myrrha, Nat. sulphuricum, Nux vom., Phosphorus, Pulsatilla, Rumex crisp., Sambucus nig., Spongia, Tussilago farfara, Verbascum, Echinacea, Lappa",81,Cough - Asthma
356,Guinea Pig Epithelium,67,CAVIA PORCELLUS SKIN
357,Betula Argentum,68,Betula Argentum
358,nifedipine,91,Nifedipine
359,factor ix complex,97,Profilnine
360,BENZALKONIUM CHLORIDE,84,Antibacterial Hand Mousse
361,Oxymorphone Hydrochloride,15,Oxymorphone Hydrochloride
362,Acetaminophen,79,pain relief
363,morphine sulfate,34,Morphine sulfate
364,"METHYL SALICYLATE, MENTHOL, CAPSICUM",11,ROCK SAUCE
365,"OCTINOXATE, TITANIUM DIOXIDE",90,DESPIGMEN PROTECTIVE 25
366,Weed mix 2630,25,"Pollens - Weeds, Weed mix 2630"
367,Hydrogen Peroxide,2,Water Jel Hydrogen Peroxide
368,CALCIUM ACETATE,91,Calcium Acetate
369,Ranitidine,99,Ranitidine
370,"Baptisia tinctoria, Echinacea, Hydrastis canadensis, Lym D Nosode, Arsenicum album, Bryonia, Chelidonium majus, Colchicum autumnale, Kalmia latifolia, Ledum palustre, Lycopodium clavatum, Phosphorus, Rhus toxicodendron,",36,Lyme
371,Methyldopa,24,Methyldopa
372,Pancrelipase,50,Creon
373,risperidone,75,risperidone
374,Lamotrigine,47,Lamotrigine
375,Nadolol,34,Nadolol
376,"Fentanyl Citrate, Bupivacaine HCl",40,"Fentanyl Citrate, Bupivacaine HCl"
377,Lamotrigine,41,Lamotrigine
378,Lithium Carbonate,94,Lithium Carbonate
379,Baclofen,67,Baclofen
380,ALCOHOL,26,BACTEX Antiseptic Hand Sanitizer
381,"LIDOCAINE HYDROCHLORIDE, MENTHOL",46,LenzaGel
382,Phendimetrazine Tartrate,38,Phendimetrazine Tartrate
383,Atriplex canescens,48,Wing Scale Pollen
384,"Chelidonium Majus, Spongia Tosta, Iodium, Fucus Vesiculosus, Germanium Sesquioxide, Thyroidinum, Calcarea Carbonica",74,Oligo Iodine
385,MICONAZOLE NITRATE,23,TRIPLE PASTE-AF
386,PANTHENOL,13,BLACK HEAD REMOVER
387,Citalopram,58,Citalopram
388,Oxygen,63,Oxygen
389,Horse Epithelium,41,EQUUS CABALLUS SKIN
390,"Ribes Nigrum, Viburnum Opulus, Quebracho, Arsenicum Iodatum, Blatta Orientalis, Naphtalinum, Pothos Foetidus",41,Asthma Plus
391,Dexamethasone Sodium Phosphate,11,Dexamethasone Sodium Phosphate
392,QUETIAPINE FUMARATE,64,QUETIAPINE FUMARATE
393,"Acetaminophen, Dextromethorphan HBr, Guaifenesin, Phenylephrine HCl",64,DG Health Fast Acting Mucus Relief
394,Dextromethorphan hydrobromide and Guaifenesin,56,Diabetic Tussin DM
395,titanium dioxide and zinc oxide,8,GM Collin
396,sildenafil citrate,1,Viagra
397,Doxylamine succinate,13,Sleep Aid
398,Sulfur,9,Joesoef Skincare Anti Acne
399,Diphenhydramine HCL,83,Diphenhydramine HCL
400,Food Sensitivity Remedy,57,Allergy Relief Now Food Sensitivity Remedy
401,OCTINOXATE and ZINC OXIDE,11,jane Be Beautiful
402,Ibuprofen,91,leader ibuprofen
403,HYDROCODONE BITARTRATE AND ACETAMINOPHEN,39,HYDROCODONE BITARTRATE AND ACETAMINOPHEN
404,gadodiamide,90,OMNISCAN
405,Ibuprofen,61,Childrens Ibuprofen
406,carboxymethylcellulose sodium,84,Topcare Lubricating Plus
407,cephalexin,39,Keflex
408,iloperidone,4,Fanapt
409,oritavancin,75,Orbactiv
410,PHENYLEPHRINE HYDROCHLORIDE,58,EB306 NASAL DECONGESTANT
411,Bald Cypress,50,Bald Cypress
412,Gabapentin,36,Gabapentin
413,Octinoxate,74,Bain de Soleil
414,Amoxicillin and Clavulanate Potassium,54,Amoxicillin and Clavulanate Potassium
415,phenylephrine hydrochloride,44,phenylephrine hydrochloride
416,Adalimumab,93,Humira
417,CARBON DIOXIDE,40,CARBON DIOXIDE
418,Caffeine,48,Equaline Stay Awake
419,"Antimon. crud., Bryonia, Calc.carb., Causticum, Dulcamara, Graphites, Lycopodium, Merc. sulph. rub., Nat. carb., Nitricum ac., Nux vom., Rhus toxicodendron, Sabina, Sepia, Silicea, Staphysag., Sulphur, Thuja occ., Taraxacum",80,Warts - Moles - Skin Tags
420,Goldenrod,9,SOLIDAGO CANADENSIS POLLEN
421,Aluminum Zirconium Tetrachlorohydrex GLY,8,Dove Men plus Care
422,OXYGEN,59,OXYGEN
423,Sweet Potato,20,POTATO
424,NATRUM PHOSPHORICUM,96,NATRUM PHOSPHORICUM
425,RANITIDINE,29,RANITIDINE
426,Dextromethorphan Hydrobromide and Guaifenesin,73,Mucus Relief DM
427,Octinoxate and Oxybenzone,20,LBEL Couleur Luxe Rouge Amplifier XP amplifying SPF 15
428,"Piperonyl butoxide, Pyrethrum extract",87,lice killing
429,Hydrogen Peroxide,2,Hydrogen Peroxide
430,"Metronidazole Topical Cream, 0.75%",100,Metronidazole
431,Nabumetone,68,Nabumetone
432,Quinapril Hydrochloride and Hydrochlorothiazide,3,Quinapril Hydrochloride and Hydrochlorothiazide
433,Leuprolide Acetate,94,Leuprolide Acetate
434,Ibuprofen,51,Henry Schein Ibuprofen
435,"Acetaminophen, Dextromethorphan HBr, Doxylamine succinate, Phenylephrine HCl",99,Daytime Nighttime
436,Ursodiol,76,Urso 250
437,Lisinopril,71,Lisinopril
438,Hydrocodone Bitartrate and Acetaminophen,63,Hydrocodone Bitartrate and Acetaminophen
439,ONDANSETRON HYDROCHLORIDE,23,Ondansetron
440,ALCOHOL,74,ANTISEPTIC HAND GEL
441,Natural Medicine,90,Anxiety and Nervousness
442,Isosorbide Dinitrate,1,Isosorbide
443,Ibuprofen,79,Health Mart Childrens Ibuprofen
444,Cyclobenzaprine Hydrochloride,64,AMRIX
445,VANCOMYCIN HYDROCHLORIDE,19,Vancomycin Hydrochloride
446,dextromethorphan polistirex,94,Smart Sense Cough DM
447,Etodolac,61,Etodolac
448,OCTINOXATE and TITANIUM DIOXIDE,4,NARS FOUNDATION
449,risperidone,28,risperidone
450,Dermatophagoides pteronyssinus,10,Allergenic Extracts Standardized Mite
451,Tranexamic Acid,20,Tranexamic Acid
452,AVOBENZONE HOMOSALATE OCTISALATE OCTOCRYLENE OXYBENZONE,23,Rite Aid RENEWAL
453,panthenol,69,Scal tonic shampoo
454,estradiol,78,Estradiol
455,"Avobenzone, Ensulizole, Octinoxate, Octocrylene",60,Karanja Tree Sunshield SPF 30
456,AVOBENZONE OCTINOXATE OXYBENZONE,12,DAY C
457,"OCTINOXATE, OXYBENZONE, TITANIUM DIOXIDE",43,LINGERIE DE PEAU BB INVISIBLE SKIN-FUSION MULTI-PERFECTING MAKEUP WITH SUNSCREEN BROAD SPECTRUM SPF 30 MEDIUM
458,Salicylic acid,3,Salex
459,"Dextromethorphan,Chlorpheniramine Maleate, Phenylephrine",35,Bio-B Kids
460,amlodipine besylate and atorvastatin calcium,54,Caduet
461,Sodium Fluoride,25,Ionite APF
462,Calcium carbonate,50,topcare antacid calcium
463,panthenol,94,Born Hair
464,Flurazepam Hydrochloride,55,Flurazepam
465,Albuterol Sulfate,84,Albuterol Sulfate
466,Bisacodyl,14,Bisacodyl
467,imipenem and cilastatin sodium,24,PRIMAXIN
468,Acne Treatment,93,Actiogen Acne Dots Treatment
469,Isoniazid,91,Isoniazid
470,ethynodiol diacetate and ethinyl estradiol,80,Kelnor 1/35
471,Docusate Sodium,46,Docusate Sodium
472,Oxygen,78,Oxygen
473,leuprolide acetate and norethindrone acetate,22,Lupaneta Pack
474,Minoxidil,20,hair regrowth treatment for men
475,acarbose,94,acarbose
476,Sodium Fluoride,17,Crest Pro-Health
477,Docusate sodium,49,Colace
478,buprenorphine,31,Butrans
479,Metoprolol tartrate,86,Metoprolol Tartrate
480,Norethindrone Acetate and Ethinyl Estradiol and Ferrous Fumarate,3,Microgestin Fe
481,CLADOSPORIUM SPHAEROSPERMUM,72,CLADOSPORIUM SPHAEROSPERMUM
482,Titanium Dioxide and Zinc Oxide,67,BareMinerals Tan Matte
483,Furosemide,7,Furosemide
484,CLADOSPORIUM SPHAEROSPERMUM,84,CLADOSPORIUM SPHAEROSPERMUM
485,Standardized Short Ragweed Pollen,51,Standardized Short Ragweed Pollen
486,trientine hydrochloride,34,Syprine
487,HYDROCORTISONE,2,HYDROCORTISONE
488,"Oxybenzone, Octinoxate, Petrolatum",15,Care One Moisture SPF 15 Lip Balm
489,Betula nigra,90,River/Red Birch Pollen
490,Heal Grief,56,Heal Grief
491,"Sarsaparilla, UvaUrsi, Arsenicum Album, Cantharis, Pareira Brava, Pulsatilla, Sepia, Terebinthina, Populus Tremuloides",88,Cystotone
492,INDOMETHACIN,33,Indomethacin
493,Bisoprolol Fumarate,71,Bisoprolol Fumarate
494,Fenofibrate,60,Fenofibrate
495,"Acetaminophen, Dextromethorphan HBr, Doxylamine succinate",84,Cold and Flu
496,Titanium Dioxide and Zinc Oxide,11,Neutrogena Sensitive Skin Sunblock
497,levetiracetam,76,Keppra
498,Estazolam,71,Estazolam
499,"Agnus castus, Angelica sinensis radix, Apis mellifica, Aralia quinquefolia, Arnica montana, Cimicifuga racemosa, Galium aparine, Glycyrrhiza glabra, Oophorinum suis, Sepia, Thuja occidentalis, Viscum album,",20,Menopause
500,alcaftadine,92,LASTACAFT
501,Echinacea Argentum,62,Echinacea Argentum
502,chloroxylenol,100,Clean Force
503,"Sodium Phosphate Monobasic, Sodium Phosphate Dibasic",27,Saline Enema
504,TOBRAMYCIN SULFATE,81,Tobramycin
505,"Condurango, Echinacea, Ginkgo biloba, Hydrastis canadensis, Myrrha, OSHA, Phytolacca decandra, Tabebuia impetiginosa, Propolis, Glandula suprarenalis suis, Spleen (suis), Thymus (suis), Thyroidinum (suis), Gelsemium sempervirens,",12,Nerve Z
506,Acetaminophen and Diphenhydramine,39,Percogesic Original Strength
507,"Elm, American Ulmus americana",79,"Pollens - Trees, Elm, American Ulmus americana"
508,sotalol hydrochloride,98,Sotalol Hydrochloride
509,levothyroxine sodium,36,Levoxyl
510,Loperamide Hydrochloride,80,Loperamide Hydrochloride
511,CARISOPRODOL,12,CARISOPRODOL
512,OXYGEN,42,OXYGEN
513,Ibuprofen,53,Ibuprofen
514,Aluminum Zirconium Tetrachlorohydrex GLY,99,Dove
515,"Aethusa cynapium, Calcarea carbonica, Cucurbita pepo, semen, Gambogia, Histaminum hydrochloricum, Hydrastis canadensis, Lycopodium clavatum, Natrum carbonicum, Nitricum acidum, Nux vomica, Ovi gallinae pellicula, Phosphorus, Pulsatilla, Sulphur",14,Food Intolerances
516,Lisinopril and Hydrochlorothiazide,31,Lisinopril with Hydrochlorothiazide
517,Hydrochlorothiazide,13,Hydrochlorothiazide
518,Sumatriptan Succinate,25,Sumatriptan Succinate
519,carbidopa and levodopa,19,SINEMET
520,Titanium Dioxide and Zinc Oxide,42,Amazonian Clay BB Tinted Moisturizer Broad Spectrum SPF 20 Sunscreen
521,Avobenzone and Octinoxate,53,MANGO BUTTER LIPSTICK
522,clindamycin phosphate,75,Cleocin Phosphate
523,Anastrozole,32,Anastrozole
524,TITANIUM DIOXIDE,47,MISSHA M WATERY B.B
525,Dicyclomine Hydrochloride,12,Dicyclomine
526,Warfarin Sodium,33,Warfarin Sodium
527,"Ensulizole, Octinoxate, Octocrylene, and Oxybenzone",7,NARS PRO-PRIME MULTI-PROTECT PRIMER
528,Nicotine,14,Nicotine
529,Acetaminophen,75,Extra Strength Pain Reliever
530,Montelukast Sodium,21,Montelukast Sodium
531,"acetaminophen, phenylephrine HCl",28,ROBITUSSIN PEAK COLD NASAL RELIEF
532,Levothyroxine Sodium,48,Levothyroxine Sodium
533,ATORVASTATIN CALCIUM,33,Lipitor
534,Bismuth subsalicylate,11,healthy accents stomach relief
535,Octinoxate and Octocrylene,64,SHISEIDO
536,Oxygen,41,Oxygen
537,DIMETHICONE,94,M WOMANS EROS BODY GLIDE
538,Haloperidol,75,Haloperidol
539,Shrimp Crago sp.,81,"Food - Fish and Shellfish, Shrimp Crago sp."
540,Heparin Sodium,43,Heparin Sodium
541,HYDROCODONE BITARTRATE,34,Vicodin
542,SIMETHICONE,30,Gas Relief
543,Titanium Dioxide and Zinc Oxide,45,Ready Foundation
544,Metformin Hydrochloride,84,Riomet
545,glipizide,96,Glipizide
546,"Acetaminophen, Diphenhydramine HCl",19,rx act pain relief pm
547,Betamethasone Dipropionate,100,Betamethasone Dipropionate
548,"Clindamycin, Benzoyl Peroxide",4,clindamycin phosphate and benzoyl peroxide
549,Norgestimate and Ethinyl Estradiol,63,Norgestimate and Ethinyl Estradiol
550,"hydrocodone bitartrate, acetaminophen",100,Lorcet 10/650
551,CANDIDA ALBICANS,86,CANDIDA ALBICANS
552,Hackberry,10,Hackberry
553,PETROLATUM,55,Allure Creamy Petroleum
554,Alcohol,14,Pier 1 Imports Lily blossom Anti-Bacterial Hand Sanitizer
555,VECURONIUM BROMIDE,16,VECURONIUM BROMIDE
556,meclizine hydrochloride,51,Meclizine Hydrochloride
557,PRAVASTATIN SODIUM,16,PRAVACHOL
558,"AVOBENZONE, OCTINOXATE, OCTOCRYLENE",65,Sephora 8hr Mattifying Moisturizer Sunscreen Broad Spectrum SPF 20
559,Propranolol,53,Propranolol
560,rufinamide,98,Banzel
561,MAGNESIUM HYDROXIDE,78,Milk of Magnesia Original
562,Sodium Citrate and Citric Acid,4,Cytra-2
563,Nicotine Polacrilex,37,good neighbor pharmacy nicotine
564,felodipine,25,Felodipine
565,ROPIVACAINE HYDROCHLORIDE,29,Ropivacaine Hydrochloride
566,Fexofenadine HCl,31,Fexofenadine Hydrochloride
567,estradiol valerate,34,Delestrogen
568,Phenylephrine Hydrochloride,37,Nasal Decongestant PE
569,Ofloxaxin,3,Ofloxacin
570,Robitussin,52,Tussin Original
571,"avobenzone, homosalate,octisalate",99,NO-AD 15 Sunscreen
572,isosorbide dinitrate,84,Isosorbide Dinitrate
573,SALICYLIC ACID,82,CVS Daily Pore Clearing Pads
574,Topiramate,23,Topiramate
575,"POLYETHYLENE GLYCOL 400, PROPYLENE GLYCOL",1,EQUATE LUBRICANT EYE DROPS
576,Standardized Redtop Grass Pollen,28,Standardized Redtop Grass Pollen
577,"Dextromethorphan HBr, Guaifenesin, Phenylephrine",28,Multi Symptom Cold Relief CF
578,Oxygen,67,Oxygen
579,Tree Mix 6,89,"Pollens - Trees, Tree Mix 6"
580,White Petrolatum,9,Petroleum Skin Protectant
581,Dexamethasone,19,ZEMA PAK
582,Oxygen,83,Oxygen
583,hydrocortisone sodium succinate,4,SOLU-CORTEF
584,Octinoxate and Avobenzone,19,No7 Time Resisting Day Cream Sunscreen SPF 12
585,Pantoprazole Sodium,59,Pantoprazole Sodium
586,Capsaicin,100,Invisible Pain
587,"Chlorpheniramine maleate, Phenylephrine HCl",10,cold and allergy
588,Ibuprofen,91,ibuprofen
589,Sumatriptan Succinate,41,Sumatriptan Succinate
590,Clobetasol propionate,27,Clobetasol Propionate
591,Tizanidine,22,Tizanidine
592,ARIPIPRAZOLE,35,ABILIFY
593,HYDROCORTISONE,17,HYDROCORTISONE
594,Oxygen,19,Oxygen
595,Fentanyl Citrate,50,Fentanyl Citrate
596,ONDANSETRON,98,ONDANSETRON
597,Female Balance,24,Female Balance
598,Benzalkonium Chloride,69,OB Cleansing Towelette
599,Titanium dioxide,74,SHISEIDO THE MAKEUP FOUNDATION
600,Antifungal Liquid Spray,38,Tolnaftate
601,Tobramycin and Dexamethasone,37,Tobramycin and Dexamethasone
602,METHYLPHENIDATE HYDROCHLORIDE,75,METHYLPHENIDATE
603,"Octinoxate, Octisalate, Oxybenzone",31,Pure Tan Skin Defense Makeup SPF 15
604,Trazodone Hydrochloride,13,Trazodone Hydrochloride
605,"ISOLEUCINE, LEUCINE, LYSINE ACETATE, METHIONINE, PHENYLALANINE, THREONINE, TRYPTOPHAN, VALINE, ALANINE, ARGININE, HISTIDINE, PROLINE, SERINE, TYROSINE, GLYCINE, SODIUM CHLORIDE, MAGNESIUM CHLORIDE, SODIUM PHOSPHATE, DIBASIC, and POTASSIUM CHLORIDE",69,Aminosyn
606,Povidone-iodine,25,Aplicare Povidone-iodine Scrub
607,White Petrolatum,75,White Petrolatum
608,Bur Oak,26,Bur Oak
609,Articaine hydrochloride and Epinephrine Bitartrate,22,Articadent
610,CEFTRIAXONE,56,CEFTRIAXONE
611,fentanyl transdermal system,88,FENTANYL TRANSDERMAL SYSTEM
612,loperamide HCl,16,loperamide hydrochloride
613,"Acetaminophen, Phenylephrine HCl, Dextromethorphan HBr and Guiafenesin",41,Aspirin Free Cold Head Congestion Day Time
614,GEMCITABINE HYDROCHLORIDE,42,GEMCITABINE HYDROCHLORIDE
615,Lamotrigine,96,Lamotrigine
616,"Berberis vulgaris, Bryonia alba, Carduus marianus, Chelidonium majus, Cholesterinum, Chichona officinalis, Colocynthis, Dioscorea villosa, Lycopodium clavatum, Natrum sulphuricum",90,Gallbladder Dr.
617,oxybutynin chloride,84,Oxybutynin Chloride
618,glucagon,7,Glucagon
619,meloxicam,15,meloxicam
620,OCTINOXATE and TITANIUM DIOXIDE,99,LES BEIGES
621,LOBELIA INFLATA,14,Cough Hay Fever
622,Naproxen,49,Naproxen
623,Fentanyl,50,Fentanyl
624,docusate sodium and sennosides,35,Stool Softener plus Stimulant Laxative
625,HALOPERIDOL,59,HALOPERIDOL
626,PERPHENAZINE,87,Perphenazine
627,"Aconitum napellus, Apis mellifica, Arnica montana, Cartilage porcine, Hydrastis canadensis, Hypericum perforatum, Rhus toxicodendron, Thuja occidentalis,",89,Anit-Inflammatory
628,"Human Papillomavirus Quadrivalent (Types 6, 11, 16, and 18) Vaccine, Recombinant",70,GARDASIL
629,stannous fluoride,30,PerioMed
630,Nicotine,65,Nicotine Transdermal System
631,calcitriol,74,calcitriol
632,Triclosan,48,Shopko Antibacterial Deep Cleansing Hand
633,Octinoxate and Oxybenzone,69,LBEL COULEUR LUXE AMPLIFIER XP
634,Metformin Hydrochloride,19,Metformin Hydrochloride
635,CETYLPYRIDINIUM CHLORIDE,66,Colgate Total
636,ethacrynic acid,98,EDECRIN
637,PREDNISOLONE SODIUM PHOSPHATE,8,PREDNISOLONE SODIUM PHOSPHATE
638,HEPARIN SODIUM,27,Heparin Sodium
639,nystatin,64,Nystatin
640,Alprazolam,56,Alprazolam
641,"Aluminum Hydroxide, Magnesium Hydroxide, Simethicone",100,Leader Antacid
642,Oxygen,6,Oxygen
643,Valacyclovir Hydrochloride,15,Valacyclovir Hydrochloride
644,Undecylenic Acid,21,Fiore Rx Pink Peppermint Pie Antifungal Nail Polish
645,Beef,12,Beef
646,Moexipril Hydrochloride and Hydrochlorothiazide,6,Moexipril Hydrochloride and Hydrochlorothiazide
647,MUCOR PLUMBEUS,91,MUCOR PLUMBEUS
648,Rasagiline Mesylate,9,Azilect
649,MENTHOL,14,LEADER Cough Drops Menthol Flavor
650,Oxymorphone hydrochloride,56,Oxymorphone hydrochloride
651,"Carduus marianus, Chelidonium majus, Taraxacum officinale, Chionanthus virginica, Quassia amara, Hepar bovinum,",79,Liver Tonic
652,Potassium Iodide,72,IOSAT
653,Glycerin,32,PLAGENTRA MOTHERS BELLY
654,eurotium herbariorum,34,ASPERGILLUS GLAUCUS
655,OXYGEN,16,OXYGEN
656,Allergenic Extracts Alum Precipitated,73,CENTER-AL - ALNUS INCANA SSP. RUGOSA POLLEN
657,Dexamethasone,92,Dexamethasone
658,Dexamethasone Sodium Phosphate,79,Dexamethasone Sodium Phosphate
659,"Aluminum hydroxide, Magnesium hydroxide, Simethicone",1,antacid cherry flavored
660,Arnica Aurum 6/10,16,Arnica Aurum 6/10
661,alprazolam,89,Alprazolam
662,MENTHOL,38,Coralite Extra Strength Menthol Pain Relief Sleeve - KNEE
663,carvedilol,77,COREG
664,amlodipine besylate and atorvastatin calcium,14,Amlodipine besylate and Atorvastatin calcium
665,paroxetine hydrochloride,96,PAXIL
666,Tramadol Hydrochloride,91,Tramadol Hydrochloride
667,OCTINOXATE and OXYBENZONE,92,Prevage Anti Aging Eye Sunscreen SPF 15
668,Corn Pollen,37,ZEA MAYS POLLEN
669,Black Willow,99,Black Willow
670,"Zinc Oxide,Octinaxade,Octisalate",34,Total Protector 30
671,Oxymetazoline HCl,71,nasal
672,Verapamil Hydrochloride,1,Verapamil Hydrochloride
673,"OCTINOXATE, TITANIUM DIOXIDE",38,Capture Totale Radiance Restoring Serum Foundation SPF 15 040
674,Glipizide,5,Glipizide
675,COFFEA CRUDA,1,COFFEA CRUDA
676,Chicken Meat,23,Chicken Meat
677,AVOBENZONE OCTINOXATE OXYBENZONE,17,DAY C
678,Titanium Dioxide and Octinoxate,22,Eve Lom Radiance Perfected Tinted Moisturiser Broad Spectrum SPF 15 Sunscreen
679,Promethazine Hydrochloride,86,Promethazine Hydrochloride
680,TITANIUM DIOXIDE,57,CITY STICK
681,Aluminum Chlorohydrate,57,Ban
682,Hydroquinone,51,Topiclear Carrot
683,Titanium dioxide,18,SHISEIDO ADVANCED HYDRO-LIQUID COMPACT (REFILL)
684,"bacitracin zinc,neomycin sulfate, polymyxin b sulfate, pramoxine hcl",16,Triple Antibiotic Plus
685,"OCTINOXATE, OCTOCRYLENE, and TITANIUM DIOXIDE",19,SHISEIDO SHEER AND PERFECT COMPACT (REFILL)
686,"TITANIUM DIOXIDE, ZINC OXIDE",81,SEPHORA Skin Perfect CC Sunscreen Broad Spectrum SPF 20 DEEP
687,ABSINTHIUM,29,ABSINTHIUM
688,alcohol,18,Clorox Care Concepts Antimicrobial
689,TRIAMCINOLONE ACETONIDE,82,KENALOG-40
690,Torsemide,46,Torsemide
691,Phenol,24,Castellani Paint
692,ALLANTOIN,76,By Pharmicell Lab Luxury Cell Performance Toner
693,"Acetaminophen, Dextromethorphan HBr, Doxylamine succinate",59,night time cold and flu
694,Amlodipine Besylate,1,Amlodipine Besylate
695,Valacyclovir,97,Valacyclovir
696,SIMETHICONE,73,Gas Relief
697,"Cocculus 30C, Nux Vomica 30C, Borax 6C",34,Kids Travel Sickness
698,Rocuronium Bromide,76,Rocuronium Bromide
699,"Avobenzone, Octinoxate, Octisalate, and Oxybenzone",72,Linea Jose Ignacio Sunscreen Broad Spectrum SPF30
700,Miconazole Nitrate,92,THERA Antifungal Body
701,"Titanium Dioxide, OCTINOXATE",89,Sooryehan Dabityoon Jiyoon Two way cake 23
702,Calcium carbonate,32,good sense antacid
703,"OCTINOXATE, OCTISALATE, OXYBENZONE",66,LBEL HYDRA CALME SPF 15 Intensive Moisturizing Facial
704,Olive Pollen,49,Olive Pollen
705,Acetaminophen,29,Aspirin free
706,"Leucine, Phenylalanine, Lysine, Methionine, Isoleucine, Valine, Histidine, Threonine, Tryptophan, Alanine, Glycine, Arginine, Proline, Serine, Tyrosine, Dextrose",32,CLINIMIX
707,Doxorubicin Hydrochloride,74,Doxorubicin Hydrochloride
708,Sumatriptan Succinate,96,Sumatriptan Succinate
709,Cedar Mountain,42,JUNIPERUS ASHEI POLLEN
710,brimonidine tartrate,23,ALPHAGAN P
711,Lisinopril,99,Lisinopril
712,"Agrimony, Arg nit, Calendula, Euphrasia",44,Conjunct-a-Clear Wash
713,Morphine Sulfate,87,Morphine Sulfate
714,norgestimate and ethinyl estradiol,51,Tri-Sprintec
715,testosterone,55,Testim
716,Phentermine Hydrochloride,77,Phentermine Hydrochloride
717,BIOTIN,98,SPAI-SONS
718,"METHYL SALICYLATE, MENTHOL, CAPSAICIN",95,Reliaderm
719,Ceftriaxone Sodium,61,Ceftriaxone Sodium
720,Bisacodyl,16,Womens Gentle Laxative
721,"undecylenic acid, zinc undecylenate",47,Undesine
722,Benzphetamine Hydrochloride,30,Benzphetamine Hydrochloride
723,Menthol,99,Biofreeze
724,Allantoin,62,SBS 40
725,Piperacillin and Tazobactam,25,Piperacillin and Tazobactam
726,Valproic Acid,2,Valproic
727,Zonisamide,14,Zonisamide
728,"CAMPHOR, CAPSAICIN and MENTHOL",30,Dr. OH BALM
729,Haloperidol,43,Haloperidol
730,CYCLOBENZAPRINE HYDROCHLORIDE,74,CYCLOBENZAPRINE HYROCHLORIDE
731,cyclobenzaprine hydrochloride,33,cyclobenzaprine hydrochloride
732,prednisolone sodium phosphate,92,Orapred
733,pioglitazone,31,Pioglitazone
734,Naproxen,75,Naproxen
735,Doxorubicin Hydrochloride,34,Doxorubicin Hydrochloride
736,ergocalciferol,70,VITAMIN D
737,abciximab,66,REOPRO
738,Tizanidine,71,Tizanidine
739,Insulin lispro,15,Humalog
740,clindamycin phosphate,98,Clindamycin Phosphate
741,DIMETHICONE,69,EROS ANAL SILICONE GLIDE
742,Octinoxate and Titanium Dioxide,21,Buxom Show Some Skin Weightless Foundation Broad Spectrum SPF 30
743,Aluminum Zirconium Tricholorohydrex GLY,9,Sure Original Solid Regular
744,APIUM GRAVEOLENS,88,APIUM GRAVEOLENS
745,"Acetylcholine chloride, Acetaldehyde, Apiolum, Ascorbic acid, BHT, Caffeic acid, Candida albicans, Chlorogenic acid, Cinnamic acid, Coniferyl Alcohol, Coumarin, Dopamine, Estrogen, GABA, Gallic acid, Histamine, Indole, L-Dopa, Malvin, Mannan, Melatonin, Menadione, Norepinephrine, Octopamine, Phenylalanine, Phenyli-sothiocyanate, Phlorizin, Piperine, Progesterone, Pyrrole, Quercetin, Rutin, Salsolinol, Serotonin, Taurine, Testosterone, Tryptophan",8,BioPhenolics
746,FLUOXETINE,85,FLUOXETINE
747,Meclizine Hydrochloride,10,MECLIZINE HYDROCHLORIDE
748,"Drosera rotundifolia, Coccus cacti, Spongia tosta, Belladonna, Cuprum aceticum, Kali carbonicum, Mentha piperita, Phosphorus,",21,Cough
749,Calcium Acetate,18,Calcium Acetate
750,Carvedilol,15,Carvedilol
751,Titanium dioxide,91,ADVANCED HYDRO-LIQUID COMPACT (REFILL)
752,Phenylephrine HCl,57,Nasal Decongestant PE
753,azathioprine,78,IMURAN
754,Pioglitazone,73,Pioglitazone
755,"dextromethorphan HBr, guaifenesin, phenylephrine HCl",54,childrens mucus relief multi symptom cold
756,pramoxine hydrochloride,18,PROCTOFOAM
757,Sodium Fluoride,99,Topical 60 Sec Sodium Fluoride
758,BENZETHONIUM CHLORIDE,1,Sani Guard Alcohol Free
759,Atorvastatin Calcium,86,Atorvastatin Calcium
760,Russian Thistle,15,SALSOLA KALI POLLEN
761,"Eucalyptol, menthol, methyl salicylate, thymol",73,Antispetic
762,Naratriptan,87,Naratriptan
763,Octinoxate and Oxybenzone,27,LBEL Couleur luxe rouge irresistible maximum hydration SPF 17
764,"OCTINOXATE, TITANIUM DIOXIDE, and ZINC OXIDE",4,Sulwhasoo Lumitouch Foundation
765,Minoxidil,44,Good Sense Hair Regrowth Treatment
766,Amoxicillin and Clavulanate Potassium,84,Amoxicillin and Clavulanate Potassium
767,Ibuprofen,55,ibuprofen
768,Ipratropium Bromide,87,Ipratropium Bromide
769,"RIMANTADINE HYDROCHLORIDE, ARGININE",81,Rimantalist
770,PREDNISOLONE,86,MILLIPRED
771,Alendronate Sodium,57,Alendronate Sodium
772,IBUPROFEN,66,PROBUFEN
773,CleanWell Natural Original Hand Sanitizer Wipes,38,CleanWell Natural Original Hand Sanitizer Wipes
774,deferasirox,25,Exjade
775,Albumin (Human),37,Albuked
776,Metoprolol succinate,76,TOPROL
777,Gabapentin,72,Gabapentin
778,Fluconazole,80,Fluconazole
779,Atenolol,22,Atenolol
780,Fluoride,46,Topco Associates LLC
781,Treatment Set TS332499,16,Treatment Set TS332499
782,APIS MELLIFERA and BAPTISIA TINCTORIA ROOT and SOLANUM DULCAMARA STEM and EUCALYPTUS GLOBULUS LEAF and SOLANUM NIGRUM WHOLE and TOXICODENDRON PUBESCENS LEAF and EUPATORIUM CANNABINUM and ARNICA MONTAN,53,Arnica-Heel
783,"OCTINOXATE, OCTISALATE, and OXYBENZONE",85,Proactiv Sheer Tint Moisture
784,Oxycodone and Acetaminophen,73,Oxycodone and Acetaminophen
785,Athlete s Foot Spray,89,Miconazole Nitrate
786,ALCOHOL,40,Body Luxuries Lotus Flower Scented Waterless Anti Bacterial Hand gel
787,white petrolatum mineral oil,13,Soothe Night Time
788,DIPHENHYDRAMINE HYDROCHLORIDE,82,DIPHENHYDRAMINE HYDROCHLORIDE
789,fluticasone propionate and salmeterol,24,ADVAIR
790,Camphor (Synthetic) and Menthol,34,Tiger Balm White
791,Aspirin and Caffeine,6,Regular Strength Aspirin
792,Alcohol,66,Moist SURE
793,Menthol and Pectin,66,Sucrets
794,Promethazine Hydrochloride,1,Promethazine Hydrochloride
795,CEFTRIAXONE,66,CEFTRIAXONE
796,Quetiapine fumarate,25,Quetiapine fumarate
797,NOT APPLICABLE,50,BAC
798,clopidogrel bisulfate,64,Clopidogrel
799,OCTINOXATE and TITANIUM DIOXIDE,93,SHISEIDO THE MAKEUP LIFTING FOUNDATION
800,Fentanyl,76,Fentanyl
801,ETHYL ALCOHOL,31,Angel Falls Hand Sanitizer
802,Promethazine and Phenylephrine,5,Promethazine Hydrochloride and Phenylephrine Hydrochloride
803,Glipizide,7,Glipizide
804,Benzoyl Peroxide,97,Proactiv Repairing Treatment
805,Ondansetron,99,Ondansetron
806,Diphenhydramine Hydrochloride,18,wal dryl allergy
807,Cyclobenzaprine Hydrochloride,92,AMRIX
808,Hydrocodone Bitartrate and Acetaminophen,55,Hydrocodone Bitartrate and Acetaminophen
809,TOLNAFTATE,38,SMART SENSE TOLNFTATE ANTIFUNGAL
810,Methocarbamol,64,Methocarbamol
811,"OCTINOXATE, TITANIUM DIOXIDE, and ZINC OXIDE",50,IOPE Air Cushion
812,Treatment Set TS332340,91,Treatment Set TS332340
813,TALC,30,Pan Aromas Baby
814,Ibuprofen,40,Childrens Ibuprofen
815,MENTHOL AND METHYL SALICYLATE,58,MENTHOL AND METHYL SALICYLATE
816,Hydroquinone,46,hydroquinone time release
817,FELODIPINE,47,FELODIPINE
818,Ensulizole and Octinoxate,67,Neutrogena Healthy Skin Anti Wrinkle
819,Tacrolimus,78,Tacrolimus
820,Diphenhydramine HCl,54,Allergy Complete Relief
821,"Fucus, Vesiculosus, Thyroidinum (Suis), Spongia Tosta",85,Wholistic Thyroid Balance
822,Metaproterenol Sulfate,77,Metaproterenol Sulfate
823,Ammonium Lactate,13,Ammonium Lactate
824,PILOCARPINE HYDROCHLORIDE,33,Pilocarpine Hydrochloride
825,Prednisone,49,Prednisone
826,FENTANYL CITRATE,94,FENTANYL CITRATE
827,Lamotrigine,80,Lamotrigine
828,Dextromethorphan,53,Delsym
829,PHENYTOIN,35,Dilantin
830,"Aconitum napellus, Dulcamara, Gelsemium sempervirens",19,Flu-less
831,nifedipine,90,nifedipine
832,Doxylamine succinate,43,NIGHTTIME SLEEP AID
833,Docusate Sodium,39,Docusate Sodium
834,Ropinirole Hydrochloride,85,Ropinirole Hydrochloride
835,Standardized Orchard Grass Pollen,51,Standardized Orchard Grass Pollen
836,"OCTINOXATE, TITANIUM DIOXIDE, and ZINC OXIDE",63,PRESCRIPTIVES
837,ARNICA MONTANA,65,Arnicare Procedure Recovery
838,"Mineral oil, Petrolatum, Phenylephrine HCl, Shark liver oil",20,Equate Hemorrhoidal
839,ETHYL ALCOHOL,67,CVS PHARMACY
840,Doxycycline Hyclate,18,Doxycycline Hyclate
841,Mucor plumbeus,41,Mucor plumbeus
842,Warfarin Sodium,40,Warfarin Sodium
843,"eucalyptol, menthol, methyl salicylate, thymol",40,Tartar Control Plus
844,Torsemide,51,Torsemide
845,TRICLOSAN,21,ANTIBACTERIAL FOAMING
846,"Guaifenesin, phenylephrine HCL, Dextromethorphan",49,Guaifenesin Phenylephrine Dextromethorphan
847,Norethindrone and Ethinyl Estradiol,84,Zenchent
848,alogliptin and pioglitazone,96,OSENI
849,"Mucinex Cold, Flu and Sore Throat Maximum Strength",80,"Mucus Relief Cold, Flu and Sore Throat"
850,DIPHENHYDRAMINE HYDROCHLORIDE 25 mg,85,SLEEP AID
851,risperidone,34,Risperidone
852,"Agnus castus, Apis Mellifica, Aurum Metallicum, Borax, Conium maculatum, Ferrum metallicum, Iodium, Lilium tigrinum, Lycopodium clavatum, Natrum muriaticum, Palladium Metallicum and Sepia",56,FertiPlex
853,BENZALKONIUM CHLORIDE,11,Lemon Verbena Hand Sanitizer
854,Titanium Dioxide,97,3 CONCEPT EYES SLIM FIT PACT NATURAL IVORY
855,MEROPENEM,9,Meropenem
856,OCTINOXATE,25,Sulwhasoo evenfair smoothing makeup base NO. 1
857,OCTINOXATE,33,Lumene Vitamin C BB Illuminating Anti-Age BB Sunscreen Broad Spectrum SPF 20 Medium
858,NITROGEN,49,NITROGEN
859,methimazole,50,TAPAZOLE
860,Alprazolam,46,Alprazolam
861,Paroxetine hydrochloride,34,Paroxetine
862,Etodolac,100,Etodolac
863,Prochlorperazine Maleate,23,Compazine
864,Gabapentin,72,Gabapentin
865,amoxicillin and clavulanate potassium,69,amoxicillin and clavulanate potassium
866,Timolol Maleate,19,Timolol Maleate
867,stavudine,81,Stavudine
868,White Petrolatum,99,Petroleum
869,Benzocaine,78,Boil Ease
870,Ibandronate sodium,82,Ibandronate sodium
871,TRICLOSAN,30,Equaline
872,Treatment Set TS332147,67,Treatment Set TS332147
873,Buspirone hydrochloride,87,Buspirone HCl
874,Hydrocodone Bitartrate and Ibuprofen,53,Hydrocodone Bitartrate and Ibuprofen
875,Loperamide Hydrochloride,23,Care One anti diarrheal
876,"Bovista 30c, Carbo Veg 30c, Cinchona 30c, Cocculus 30c, Graphites 30c, Kali Carb 30c, Lachesis 30c, Lycopodium 3c, Nat Carb 30c, Pulsatilla 30c, Sulphur 30c",55,Bloating
877,Sulfasalazine,83,Sulfasalazine
878,dl-alpha-tocoheryl acetate and ascorbic acid and cholecalciferol and cyanocobalamin and niacinamide and pyridoxine hydrochloride and riboflavin and fluoride and thiamin hydrochloride and vitamin A palmitate,65,Multi-Vit with Fluoride
879,"Standardized Grass Pollen, Grass Mix 5",93,"Standardized Grass Pollen, Grass Mix 5"
880,Clam,89,Clam
881,Docusate Sodium,38,Stool Softener
882,Morphine Sulfate,7,Morphine Sulfate
883,Octinoxate and Oxybenzone,70,LBEL divine lip gloss SPF 15
884,"Capsicum Annuum, Arnica Montana, Hypericum",99,Naturasil Gout
885,Metronidazole,68,Metronidazole
886,levofloxacin,71,Levofloxacin
887,Levonorgestrel,64,Skyla
888,"Octinoxate, Octisalate, Oxybenzone",27,Barely Beige Oil Controlling Makeup Broad Spectrum SPF 15
889,Methenamine Hippurate,51,Methenamine Hippurate
890,alcohol,4,PURELL Advanced Green Certified Instant Hand Sanitizer
891,Ioversol,74,Optiray
892,"Loratadine, Pseudoephedrine",42,Allergy Relief D
893,ASAFETIDA - STRYCHNOS IGNATII SEED - NUTMEG,85,Flatulence
894,ALCOHOL,86,One Step Wipes
895,Meclizine,31,Meclizine Hydrochloride
896,Selenium Sulfide,63,Rugby Anti-Dandruff
897,finasteride,48,Finasteride
898,Alcohol,53,Avant Original - Fragrance Free
899,"Arnica montana, Mercurius corrosivus, Sulphur iodatum, Thuja occidentalis, Urtica urens,",2,Vaccines Detox
900,Aluminum zirconium tetrachlorohydrex gly,1,Speed Stick
901,Glyburide and Metformin,49,Glyburide and Metformin
902,Hydrogen Peroxide,31,Hydrogen Peroxide
903,"Acetaminophen, Caffeine and Pyrilamine maleate",58,Maximum Strength Menstrual Relief
904,"Octinoxate, Octisalate",48,Rimmel London
905,"Acetaminophen, Doxylamine succinate, and Phenylephrine hydrochloride",51,Vicks QlearQuil
906,ALCOHOL,56,ETHYL ALCOHOL
907,"Diphenhydramine Hydrochloride, Zinc Acetate",86,anti itch and skin protectant
908,HYDROXYZINE PAMOATE,74,HYDROXYZINE PAMOATE
909,ALCOHOL,23,Instant Hand Sanitizer Fresh Lemon Scented
910,Gambil Oak,55,Gambil Oak
911,Alfuzosin Hydrochloride,6,Alfuzosin Hydrochloride
912,Hydrochlorothiazide,22,Hydrochlorothiazide
913,Titanium dioxide,62,SHISEIDO ADVANCED HYDRO-LIQUID COMPACT (REFILL)
914,Octinoxate and Titanium dioxide,85,CLE DE PEAU BEAUTE PW FOUNDATION s
915,OXYGEN,52,OXYGEN
916,Montelukast Sodium,3,Montelukast Sodium
917,"Avobenzone, Homosalate, Octisalate, Octocrylene, Oxybenzone",39,Ultra Light Sunscreen Broad Spectrum SPF 50
918,"Arsenicum Album, Calcarea Carbonica, Ignatia Amara, Kali Carbonicum, Lachesis Mutus, Natrum Muriaticum",47,ANX HP
919,gentamicin sulfate,90,GENTAMICIN SULFATE
920,sertraline hydrochloride,23,Sertraline Hydrochloride
921,Duloxetine,76,Duloxetine
922,Ensulizole,27,Covergirl Queen Collection All Day Flawless 3in1 Foundation
923,POVIDONE-IODINE,48,POVIDONE-IODINE
924,LUGOLS,22,LUGOLS SOLUTION
925,nabumetone,83,Nabumetone
926,Theophylline,36,Theophylline
927,"OCTINOXATE, TITANIUM DIOXIDE",60,Dolce and Gabbana The Lift Foundation Almond 150
928,SODIUM CHLORIDE,28,NATRUM MURIATICUM
929,DIMETHICONE,34,EROS ANAL SILICONE
930,Petrolatum,96,Vaseline
931,PROPRANOLOL HYDROCHLORIDE,87,PROPRANOLOL HYDROCHLORIDE
932,Dextromethorphan,2,Mielim y mas
933,Promethazine Hydrochloride,76,Promethazine Hydrochloride
934,Arsenicum Cerebrum,55,Arsenicum Cerebrum
935,"Surgical hand scrub, General skin cleanser",4,Alphadine Scrub Foam
936,Egg Yolk,6,Egg Yolk
937,Diazepam,59,Diazepam
938,SALICYLIC ACID,91,RENEWAL
939,Box Elder Ash Leaf Maple,53,ACER NEGUNDO POLLEN
940,Titanium Dioxide and Octinoxate,17,Eve Lom Brilliant Cover Concealer Broad Spectrum SPF 15 Sunscreen
941,Camphor Menthol Methyl Salicylate,58,Herbalgy
942,METOPROLOL TARTRATE,76,Metoprolol Tartrate
943,Liothyronine Sodium,31,Liothyronine Sodium
944,Titanium Dioxide and Zinc Oxide,53,Purminerals 4-in-1 Mineral Tinted Moisturizer Broad Spectrum SPF 20 (MEDIUM)
945,Clonazepam,16,Clonazepam
946,"DEXTROMETHORPHAN HYDROBROMIDE, PHENYLEPHRINE HYDROCHLORIDE, and TRIPROLIDINE HYDROCHLORIDE",95,HISTEX-DM
947,Acetaminophen and Phenylephrine HCI,23,Daytime Sinus
948,POLYETHYLENE GLYCOL 3350,43,POLYETHYLENE GLYCOL 3350 AND ELECTROLYTES
949,"Piperonyl butoxide, Pyrethrum extract",35,Topcare Lice Killing
950,Trazodone Hydrochloride,72,Trazodone Hydrochloride
951,Pseudoephedrine Hydrochloride,16,Health Mart nasal decongestant
952,hydroxypropyl cellulose,83,Lacrisert
953,Fremont Cottonwood,19,Fremont Cottonwood
954,Hydroxyzine Pamoate,87,Hydroxyzine Pamoate
955,"cocoa butter, phenylephrine HCl",54,Equaline Hemorrhoidal
956,"Acetaminophen, Diphenhydramine HCl",2,PAIN RELIEVER PM
957,Standardized Redtop Grass Pollen,80,Standardized Redtop Grass Pollen
958,Benazepril Hydrochloride,76,Benazepril Hydrochloride
959,Risperidone,85,Risperidone
960,spironolactone,14,Spironolactone
961,ibuprofen,26,Ibuprofen
962,Ibuprofen,48,equate ibuprofen
963,"Acetaminophen, Chlorpheniramine maleate, Phenylephrine HCl",97,sinus congestion and pain
964,insulin-like growth factor-1 (IGF-1),8,IGF-1 Endurance Plus
965,Fluphenazine Hydrochloride,89,Fluphenazine Hydrochloride
966,sertraline hydrochloride,40,Zoloft
967,"Bottlebrush, Callistemon citrinus",40,"Pollens - Trees, Bottlebrush, Callistemon spp."
968,"Depo-Medrol, Lidocaine, Isopropyl Alcohol",17,Multi-Specialty Kit
969,Levobunolol Hydrochloride,93,Levobunolol Hydrochloride
970,"Arnica montana, Calcarea fluorica, Calcarea phosphorica, Calendula officinalis, Graphites, Hydrofluoricum acidum, Phytolacca decandra, Sabina, Silicea, Thiosinaminum and Thuja occidentalis",6,Scar Freee
971,Nicotine Polacrilex,96,CareOne Mini Nicotine Polacrilex
972,Naproxen Sodium,73,Naproxen Pain Relief
973,ciprofloxacin hydrochloride,39,CILOXAN
974,"AVOBENZONE, HOMOSALATE, OCTISALATE, OCTOCRYLENE",93,BANANA BOAT
975,simvastatin and niacin,50,Simcor
976,Ibuprofen,62,Ibuprofen
977,"Acetaminophen, Dextromethorphan HBr",15,Topcare Cold and Cough
978,Oxygen,8,Oxygen
979,Octinoxate and Zinc Oxide,20,Covergirl Smoothers Tinted Moisturizer
980,Insulin lispro,46,Humalog
981,Propafenone Hydrochloride,73,Propafenone Hydrochloride
982,Sodium Fluoride,34,SprinJene
983,SIROLIMUS,3,Sirolimus
984,"butalbital, aspirin, and caffeine",77,"Butalbital, Aspirin, and Caffeine"
985,GUAIFENESIN,49,GUAIFENESIN
986,Neomycin and Polymyxin B Sulfates and Bacitracin Zinc,21,Triple Antibiotic
987,Oxygen,94,Oxygen
988,Bupropion Hydrochloride,100,Bupropion Hydrochloride
989,Medicated Callus Removers,91,Salicylic Acid
990,oxytocin,46,Oxytocin
991,adapalene,6,Differin
992,fluocinolone acetonide,18,Capex
993,Triamterene and Hydrochlorothiazide,3,Triamterene and Hydrochlorothiazide
994,venlafaxine hydrochloride,40,venlafaxine hydrochloride
995,Ibuprofen,90,ibuprofen
996,CUPRUM METALLICUM,50,CUPRUM METALLICUM
997,Mosquito,13,Mosquito
998,"octinoxate, octisalate, and avobenzone",57,Origins
999,Olive Pollen,28,OLEA EUROPAEA POLLEN
1000,"AVOBENZONE, OCTOCRYLENE, OXYBENZONE",70,HAWAIIAN Tropic
