ID,NAME,PERSON_IN_CHARGE,ADDRESS,STATUS
1,Vimbo,Andrée,2514 Dixon Place,potential
2,Eadel,Méthode,93669 Chinook Parkway,vip
3,Eabox,Méghane,54 Debs Park,platinum
4,Thoughtsphere,Aimée,97 Lawn Street,platinum
5,Wikido,Gisèle,12 Messerschmidt Circle,diamon
6,Tazzy,Naéva,81 Harper Center,golder
7,Buzzster,Maëline,5528 Center Place,golder
8,JumpXS,Léone,0139 Manufacturers Parkway,silver
9,Zooveo,Pål,5 Corscot Drive,vip
10,Kwinu,Sòng,1083 Sachs Crossing,golder
11,Brainlounge,Maéna,7 Jenifer Park,vip
12,Voonyx,Agnès,0 Vera Pass,platinum
13,Nlounge,Annotée,5 Northwestern Drive,diamon
14,Skimia,Dafnée,99 Ridgeway Junction,platinum
15,Tekfly,Clémence,10380 Del Mar Center,silver
16,Jaxworks,Lén,54389 Sunbrook Parkway,vip
17,Browsecat,Marlène,50525 Texas Pass,vip
18,Mynte,Måns,4473 Kinsman Lane,vip
19,Ainyx,Mélia,1 Nevada Center,silver
20,Gabvine,Simplifiés,21 Bunker Hill Alley,diamon
21,Bubblemix,Cléopatre,16924 Eagan Parkway,bronze
22,Zava,Magdalène,13 Redwing Hill,diamon
23,Shuffletag,Estève,37521 Gulseth Terrace,silver
24,Gabcube,Illustrée,3 Vera Center,bronze
25,Twinder,Cécile,18 Oriole Crossing,vip
26,Fanoodle,Maëly,65 Ludington Parkway,vip
27,Jaxspan,Adélie,1655 Alpine Hill,potential
28,Miboo,Adélie,40 Lerdahl Road,platinum
29,Abatz,Personnalisée,1 2nd Court,diamon
30,Fanoodle,Andréa,18 Monument Center,vip
31,Kare,Görel,8 Gateway Center,platinum
32,Trudeo,Méthode,60 Jenifer Center,potential
33,Twitternation,Cinéma,2127 Canary Avenue,platinum
34,Skyvu,Yáo,98 Thierer Place,silver
35,Brainbox,Jú,3 Eagan Plaza,vip
36,Feedspan,Adèle,46 Butternut Road,silver
37,Devshare,Mélys,23 Crowley Point,platinum
38,Flipopia,Céline,08 Monterey Parkway,silver
39,Oozz,Yóu,0251 Utah Park,golder
40,Brainsphere,Marie-thérèse,5915 Ronald Regan Drive,platinum
41,Bluejam,Zhì,2274 Lindbergh Hill,bronze
42,Meembee,Anaé,13173 Dottie Way,potential
43,Realfire,Estève,605 Menomonie Center,diamon
44,Jetpulse,Loïca,585 Dottie Place,silver
45,Oyoyo,Clélia,32219 Brentwood Road,bronze
46,Voolia,Börje,62 Golf View Alley,platinum
47,Linklinks,Marie-ève,302 Grasskamp Avenue,platinum
48,Twiyo,Naëlle,206 Summit Drive,potential
49,Agivu,Edmée,04 Cordelia Crossing,vip
50,Fadeo,Simplifiés,6 Del Sol Plaza,bronze
51,Wordtune,Publicité,37 Rutledge Point,diamon
52,Devbug,Gösta,463 Mandrake Alley,potential
53,Midel,Vérane,8881 Becker Plaza,potential
54,Skyba,Hélène,085 Judy Plaza,silver
55,Centizu,Thérèsa,48177 Ridgeway Hill,vip
56,Browsecat,Adèle,32 Anniversary Plaza,silver
57,Feedfish,Solène,30571 Cherokee Hill,potential
58,Skyndu,Gaétane,2532 Brickson Park Park,potential
59,Kaymbo,Táng,082 1st Trail,potential
60,Fivebridge,Estée,84282 Thierer Alley,golder
61,Voolia,Joséphine,898 Derek Crossing,diamon
62,Nlounge,Danièle,476 Marquette Park,platinum
63,Voolith,Ophélie,023 Rieder Trail,silver
64,Meejo,Irène,5461 Granby Trail,silver
65,Photojam,Måns,423 Weeping Birch Point,platinum
66,Dabjam,Gaétane,43140 Burrows Alley,vip
67,Browsedrive,Bérénice,7 Golf Course Trail,vip
68,Rhyloo,Åsa,31 Corry Pass,potential
69,Trudeo,Táng,4708 Sauthoff Avenue,platinum
70,Realcube,Åsa,757 Gerald Plaza,bronze
71,Jetwire,Andréa,45393 Nancy Place,golder
72,Blogpad,Marlène,97100 Glacier Hill Avenue,platinum
73,Vitz,Erwéi,2 Ruskin Road,bronze
74,Dazzlesphere,Loïca,1118 Crest Line Drive,platinum
75,Mybuzz,Andréa,238 Stoughton Drive,diamon
76,Skivee,Bérengère,58 Ridge Oak Parkway,platinum
77,Roombo,Illustrée,392 Harper Place,silver
78,Quire,Mahélie,8 Bunting Parkway,silver
79,Thoughtbridge,Esbjörn,9 Dorton Pass,vip
80,Quamba,Zoé,1 Darwin Hill,platinum
81,Twitterworks,Mårten,04 Meadow Valley Lane,potential
82,Skidoo,Marlène,37 Northview Lane,diamon
83,Izio,Marie-hélène,45 Prentice Circle,platinum
84,Podcat,Andréanne,808 Dawn Center,bronze
85,Voomm,Faîtes,41 Calypso Plaza,bronze
86,Voonyx,Léandre,4 Namekagon Drive,bronze
87,Wikivu,Léane,8306 Randy Road,potential
88,Innojam,Mégane,8 Morningstar Road,diamon
89,Gevee,Simplifiés,114 Independence Street,potential
90,Eadel,Maëlann,3904 Schlimgen Lane,bronze
91,Quimba,Josée,64 Macpherson Hill,vip
92,Skynoodle,Mélia,6297 Clemons Trail,golder
93,Vidoo,Valérie,05 Evergreen Trail,vip
94,Mudo,Léandre,321 Old Shore Road,golder
95,Flipopia,Irène,88 La Follette Way,diamon
96,Voonte,Östen,935 Talmadge Avenue,bronze
97,Katz,Séréna,06 Hazelcrest Place,potential
98,Mynte,Bénédicte,335 Milwaukee Hill,vip
99,Skiptube,Méryl,000 Anthes Court,silver
100,Divape,Bénédicte,6791 Golden Leaf Way,golder
101,Quaxo,Pò,43 Cordelia Parkway,silver
102,Einti,Marie-noël,61206 Heffernan Hill,platinum
103,Skidoo,Béatrice,80 Ohio Parkway,golder
104,Plambee,Mahélie,88 Manley Circle,platinum
105,Babbleopia,Noëlla,96481 Prairieview Street,bronze
106,Mita,Léane,44 Lillian Court,vip
107,Cogilith,Gwenaëlle,0 Colorado Center,silver
108,Thoughtsphere,Maëlyss,55 7th Avenue,silver
109,Quimm,Séverine,52 Steensland Junction,vip
110,Yoveo,Marie-françoise,1227 Jenna Plaza,diamon
111,Jazzy,Maïly,4 Bellgrove Place,vip
112,Mydo,Stévina,29 Carey Pass,golder
113,BlogXS,Clémence,65946 Evergreen Plaza,silver
114,Cogidoo,Estée,13817 Scott Street,potential
115,Wikizz,Adèle,195 Becker Street,silver
116,Quatz,Stévina,9 Scofield Plaza,silver
117,Fivebridge,Maëlla,1 Anthes Park,potential
118,Fivespan,Kuí,09142 Onsgard Court,potential
119,Rhynoodle,Desirée,028 Chinook Junction,silver
120,Skinix,Loïca,9733 Carioca Court,platinum
121,Zoonoodle,Adélie,4621 Colorado Parkway,potential
122,Yakijo,Inès,75233 Pleasure Point,silver
123,Skyble,Dà,916 Fairfield Way,platinum
124,Zoozzy,Néhémie,9959 Declaration Junction,vip
125,Skyndu,Maëlann,9 Blackbird Circle,platinum
126,Skyba,Mahélie,420 Raven Trail,diamon
127,Thoughtstorm,Léane,2 Kensington Hill,golder
128,Feednation,Marie-josée,7 Eggendart Way,diamon
129,Yotz,Néhémie,682 Tony Point,platinum
130,Skyvu,Yú,183 Carberry Street,vip
131,Devcast,Annotés,53 6th Court,bronze
132,Feedspan,Cécile,1721 Morning Hill,bronze
133,Vidoo,Naéva,694 Carpenter Avenue,potential
134,Yoveo,Adélaïde,92446 Towne Pass,diamon
135,Wordpedia,Maéna,34534 Garrison Crossing,golder
136,Zoomlounge,Maëlla,2697 Cherokee Street,diamon
137,Gigashots,Loïc,10 Trailsway Place,diamon
138,Mydo,Loïs,3871 Pierstorff Circle,platinum
139,Trudeo,Cléa,2549 Waxwing Court,platinum
140,Divavu,Yénora,78405 Red Cloud Crossing,bronze
141,Jaxbean,Esbjörn,3455 Oxford Lane,vip
142,Livepath,Léana,37 Golf Course Hill,diamon
143,Feednation,Yú,51554 8th Place,bronze
144,Devify,Andrée,7938 Waywood Circle,vip
145,Skajo,Simplifiés,0603 7th Park,potential
146,Tazz,Thérèsa,53 Carioca Alley,golder
147,Rhycero,Sélène,9495 Linden Parkway,bronze
148,Fiveclub,Camélia,042 Melby Center,vip
149,Rhynoodle,Erwéi,483 Garrison Alley,diamon
150,Skipstorm,Maïté,51 Elgar Terrace,potential
151,Jatri,Andréa,3529 Schlimgen Avenue,platinum
152,Leexo,Méline,52791 Summer Ridge Road,golder
153,Jamia,Måns,2 6th Plaza,silver
154,Yodoo,Stévina,2009 Westerfield Terrace,bronze
155,Yamia,Andréanne,0384 Texas Terrace,diamon
156,Twitterlist,Lóng,57 Jana Hill,golder
157,Buzzshare,Loïca,6 Dottie Parkway,vip
158,Babblestorm,Publicité,672 Northridge Hill,silver
159,Centizu,Josée,0 Evergreen Lane,vip
160,Pixope,Annotée,682 Mariners Cove Street,potential
161,Dynabox,Méghane,1 Anderson Parkway,silver
162,Rhyzio,Léandre,2 Village Court,golder
163,Brainlounge,Valérie,5978 Montana Court,diamon
164,Gigashots,Gaëlle,285 Hazelcrest Crossing,vip
165,Yombu,Geneviève,4791 Schiller Plaza,silver
166,Quaxo,Estée,11 Haas Road,platinum
167,Zoonoodle,Camélia,72 Moland Court,diamon
168,Babblestorm,Maéna,5800 Manufacturers Trail,bronze
169,Oloo,Wá,06481 Arapahoe Parkway,silver
170,Yakitri,Kévina,2428 Barnett Plaza,potential
171,Riffpath,Réservés,399 Steensland Terrace,diamon
172,Trudoo,Björn,1827 Bunker Hill Point,potential
173,Jazzy,Göran,05808 Heffernan Hill,potential
174,Trilith,Bérénice,74800 Ilene Center,bronze
175,Eadel,Mén,466 Blue Bill Park Drive,vip
176,Youspan,Mélanie,9 Vahlen Alley,golder
177,Dynabox,Aimée,670 Fulton Hill,platinum
178,Feedfire,Anaé,3 Waywood Point,platinum
179,Eare,Cléopatre,7138 Oriole Point,platinum
180,Devcast,Märta,512 Buena Vista Place,diamon
181,Voonix,Maïlis,60328 Clarendon Way,potential
182,Blogtags,Maïwenn,4053 Heffernan Center,platinum
183,Innotype,Gaïa,01 Sachtjen Plaza,silver
184,Innojam,Béatrice,26 Crownhardt Street,silver
185,Chatterpoint,Néhémie,9432 Monterey Way,platinum
186,Abatz,Maëlla,7795 Nobel Circle,golder
187,Tagfeed,Pénélope,8074 Lakewood Gardens Circle,vip
188,Pixoboo,Solène,1 Hoard Lane,potential
189,Divanoodle,Méghane,676 Manufacturers Point,bronze
190,Fatz,Chloé,8 Morrow Road,silver
191,Thoughtstorm,Gaïa,03 Florence Street,golder
192,Blogtag,Kù,58 Meadow Ridge Street,platinum
193,Avavee,Maëly,503 International Terrace,silver
194,Jatri,Maëlann,603 Corben Hill,diamon
195,Tagopia,Maï,102 Dahle Crossing,platinum
196,BlogXS,Anaïs,318 Weeping Birch Drive,potential
197,Viva,Göran,4 Bluestem Trail,golder
198,Kwimbee,Sélène,5 Mockingbird Trail,potential
199,Devcast,Séverine,621 Valley Edge Way,bronze
200,Twinte,Maëlyss,70 Utah Hill,potential
201,Quimba,Mylène,3 Warbler Drive,silver
202,Fivespan,Vénus,649 Arapahoe Street,golder
203,Meemm,Maëlla,15008 Gerald Point,vip
204,Buzzdog,Angélique,87644 Kensington Street,potential
205,Twitterlist,Audréanne,32 Green Center,bronze
206,Cogibox,Andréanne,54459 Sherman Park,diamon
207,Skidoo,Kallisté,52406 Reinke Trail,bronze
208,DabZ,Zoé,087 Gateway Drive,potential
209,Twimbo,Cléa,71 Briar Crest Terrace,bronze
210,Podcat,Mårten,194 Memorial Avenue,diamon
211,Mybuzz,Gaëlle,3 Anderson Place,bronze
212,Oyoloo,Aurélie,444 Fremont Court,diamon
213,Photospace,Cécile,2538 Florence Court,vip
214,Flashpoint,Maëline,3707 Nelson Alley,vip
215,Realpoint,Lucrèce,6045 Arapahoe Junction,golder
216,Yacero,Åsa,86294 Summer Ridge Terrace,potential
217,Zoomcast,Aí,2 Vernon Parkway,golder
218,Vinte,Vénus,403 Mendota Center,golder
219,Youspan,Adèle,2692 Claremont Center,potential
220,Edgeclub,Marlène,3288 Spenser Court,platinum
221,Voomm,Félicie,979 Northridge Plaza,silver
222,Meevee,Joséphine,5 Laurel Way,bronze
223,Riffpedia,Méghane,1174 Shasta Road,silver
224,Shufflebeat,Célia,4 Donald Drive,silver
225,Flipopia,Anaëlle,58 Carioca Center,potential
226,Cogidoo,Sòng,4557 Raven Street,diamon
227,Browsecat,André,0654 Brentwood Alley,diamon
228,Realbridge,Yè,70271 Corben Terrace,silver
229,Thoughtblab,Méthode,2 Stephen Pass,diamon
230,Skaboo,Laurélie,985 Quincy Road,diamon
231,Realbridge,Intéressant,51 Killdeer Road,bronze
232,Rhynoodle,Bécassine,9 Norway Maple Road,potential
233,Dabjam,Naéva,2726 Moland Junction,golder
234,Blogpad,Thérèsa,845 Carpenter Hill,diamon
235,Lazz,Åsa,09723 Myrtle Court,golder
236,Rhyzio,Maëline,13535 Arrowood Lane,golder
237,Topicware,Dafnée,42377 Di Loreto Junction,bronze
238,Buzzshare,Vérane,76659 Forster Hill,golder
239,Centidel,Tán,662 Claremont Place,diamon
240,Rhycero,Annotée,63 Stuart Drive,golder
241,Tagfeed,Mahélie,94989 Gina Hill,bronze
242,Gabcube,Mélinda,1466 Old Shore Lane,bronze
243,Dazzlesphere,Néhémie,68651 Walton Street,bronze
244,Pixope,Mahélie,136 Village Green Street,silver
245,Meedoo,Naëlle,503 Lunder Plaza,platinum
246,Dabvine,Börje,7 Gina Center,diamon
247,Reallinks,Cunégonde,1 Melvin Road,potential
248,Jaxworks,Eléonore,1 Norway Maple Crossing,silver
249,Youbridge,Personnalisée,51673 Clove Road,silver
250,Pixoboo,Océanne,3 Ryan Place,golder
251,Meetz,Adélie,1616 5th Junction,diamon
252,Tagtune,Yénora,32185 Vahlen Park,bronze
253,Yakidoo,Valérie,0723 Fremont Alley,diamon
254,Eare,Björn,59 Stang Street,potential
255,Aibox,Lucrèce,7 Stephen Trail,platinum
256,Leenti,Céline,1404 Memorial Point,potential
257,Devcast,Björn,962 Prairie Rose Crossing,vip
258,Zoomzone,Dà,14133 Crest Line Parkway,vip
259,Quaxo,Aurélie,39106 Dottie Hill,diamon
260,Eadel,Véronique,500 Longview Alley,vip
261,Jatri,Lauréna,806 Hoard Junction,golder
262,Jayo,Alizée,209 Green Road,vip
263,Skajo,Maëlys,03040 Bayside Point,potential
264,Dabvine,Örjan,1 Nobel Street,platinum
265,Edgewire,Åslög,8 Mayer Parkway,platinum
266,Buzzdog,Mårten,22377 Farragut Center,vip
267,Babblestorm,Françoise,2 Messerschmidt Avenue,potential
268,Meetz,Valérie,3 Maywood Trail,vip
269,Eire,Loïc,4043 Green Avenue,vip
270,Jabberbean,Noëlla,7740 Calypso Court,golder
271,Centimia,Lén,5818 Elgar Parkway,potential
272,Vidoo,Kévina,3 2nd Way,golder
273,Feedspan,Pål,9732 Melby Terrace,silver
274,Edgeblab,Chloé,986 Delaware Court,platinum
275,Wikizz,Tú,9 2nd Drive,potential
276,Voolith,Séréna,63 Russell Center,vip
277,Oloo,Lauréna,2 Continental Way,diamon
278,Zazio,Annotés,43 Butternut Avenue,platinum
279,Zoozzy,Andrée,72 Holmberg Hill,silver
280,Dabjam,Lauréna,9985 Swallow Park,platinum
281,Oyoyo,Gisèle,89854 Bonner Place,platinum
282,Dynabox,Pò,18145 Forest Drive,platinum
283,Shufflester,Méthode,06 Amoth Avenue,diamon
284,Brainlounge,Anaëlle,409 Oak Circle,potential
285,Linkbridge,Gwenaëlle,4598 Loomis Circle,vip
286,Voonte,Thérèse,4917 Hanson Drive,golder
287,Rhynyx,Kallisté,840 Mockingbird Pass,golder
288,Livefish,Örjan,57669 Northport Park,platinum
289,Kamba,Agnès,4854 Lillian Crossing,silver
290,Aimbo,Cléa,239 Gina Alley,golder
291,Yabox,Gwenaëlle,9020 Dwight Center,vip
292,Buzzbean,Almérinda,79 School Junction,silver
293,Pixoboo,Jú,59089 Mifflin Hill,golder
294,Midel,Mélinda,3271 Mayfield Road,golder
295,Skalith,Mahélie,697 Spenser Terrace,potential
296,Thoughtstorm,Médiamass,89 Saint Paul Point,vip
297,Reallinks,Léa,8 Sunbrook Plaza,potential
298,Buzzshare,Åke,7 Riverside Park,vip
299,Dabshots,Chloé,1 Farwell Road,silver
300,Dynabox,Danièle,62570 Lindbergh Street,platinum
301,Shufflebeat,Uò,2475 Gerald Place,golder
302,Ozu,Océanne,817 Badeau Avenue,bronze
303,Twimbo,Renée,89973 Manley Court,vip
304,Trudoo,Laïla,70518 Hollow Ridge Court,vip
305,Lazz,Östen,268 Alpine Circle,platinum
306,Buzzbean,Naëlle,62 Westerfield Terrace,bronze
307,Dynazzy,Göran,33 Parkside Street,platinum
308,Youbridge,Tán,33 Waubesa Center,bronze
309,Jaxworks,Táng,12093 Waxwing Terrace,vip
310,Yata,Anaïs,5 Rowland Alley,potential
311,Skinder,Pål,21863 Scofield Point,silver
312,Yakijo,Léandre,20471 Bashford Street,bronze
313,Voonyx,Maëlys,93 Morrow Avenue,bronze
314,Divavu,Mélodie,7547 Oak Valley Hill,silver
315,Vinder,Göran,764 Knutson Place,potential
316,Tagchat,Françoise,21 Bashford Place,vip
317,Wordify,Esbjörn,18 Londonderry Avenue,golder
318,Zazio,Anaé,1 Marquette Circle,platinum
319,Skyble,Lauréna,95461 Hallows Road,silver
320,Zooxo,Dorothée,7375 1st Center,diamon
321,Meevee,Anaël,47 Bunker Hill Pass,platinum
322,Dablist,Cloé,5 Sage Way,platinum
323,Quatz,Adèle,52242 Blue Bill Park Circle,golder
324,Edgewire,Annotés,8 Northfield Lane,silver
325,Jayo,Méghane,20095 Sherman Circle,vip
326,Brightdog,Médiamass,5 Vermont Lane,platinum
327,Ozu,Renée,7 3rd Place,platinum
328,Youfeed,Bénédicte,085 School Parkway,golder
329,Skibox,Léonie,0 Stuart Drive,diamon
330,Aibox,Bénédicte,4 Gale Circle,platinum
331,Yozio,Lucrèce,7 Anhalt Hill,platinum
332,Twinder,Maëlle,4898 Ramsey Circle,silver
333,Fivespan,Léane,1334 Oak Drive,diamon
334,Twitterbeat,Maëlys,827 Monterey Crossing,platinum
335,Meevee,Célestine,99 Twin Pines Junction,golder
336,Meezzy,Cinéma,4747 Charing Cross Lane,silver
337,Gabspot,Ruì,49911 Darwin Circle,platinum
338,Jazzy,Mélodie,714 Northland Junction,potential
339,Voonyx,Marie-françoise,1 Elgar Circle,golder
340,Realmix,Réjane,42665 Surrey Court,vip
341,Fliptune,Noémie,1116 Pawling Park,bronze
342,Photojam,Alizée,56 Hovde Circle,golder
343,Dabtype,Styrbjörn,441 Ludington Road,bronze
344,Voonder,Lén,4 Victoria Circle,silver
345,Blognation,Céline,1 Gina Trail,silver
346,Yodel,Aí,9256 Waxwing Street,diamon
347,Roodel,Maïlis,5 Thompson Way,golder
348,Mycat,Ruò,1980 Bartelt Parkway,bronze
349,Innotype,Yè,4 Del Mar Road,platinum
350,Skiba,Véronique,318 Lakewood Circle,diamon
351,Photolist,Naéva,03982 Buhler Plaza,platinum
352,Miboo,Alizée,3 Eastlawn Circle,vip
353,Meevee,Ophélie,958 Anniversary Center,potential
354,Quire,Marie-ève,5 Vermont Court,diamon
355,Gigaclub,Béatrice,19 Kipling Pass,platinum
356,Roombo,Mélissandre,9655 Oneill Lane,golder
357,Podcat,Fèi,5031 Norway Maple Circle,bronze
358,Lajo,Mahélie,043 Onsgard Trail,silver
359,Yotz,Marie-thérèse,21646 Pankratz Way,bronze
360,Bubbletube,Gwenaëlle,14396 Mitchell Circle,bronze
361,Mynte,Lén,7 Laurel Center,golder
362,Topiclounge,Wá,29104 Thierer Circle,bronze
363,Zoonder,Méthode,085 Graedel Hill,potential
364,Realmix,Bénédicte,22 North Trail,potential
365,Twinder,Cécile,7 Claremont Circle,potential
366,Oozz,Simplifiés,27805 Sage Place,golder
367,Zoomcast,Cécilia,936 Bay Crossing,diamon
368,Trilith,Chloé,42 Oriole Avenue,bronze
369,Vipe,Maïlis,3575 Muir Hill,vip
370,Realmix,Alizée,8665 Washington Road,bronze
371,Meemm,Marie-josée,9959 Dahle Court,platinum
372,Eidel,Loïs,0 Delladonna Crossing,potential
373,Realfire,Cléopatre,65380 Becker Pass,silver
374,Yambee,Aurélie,7 Burrows Drive,platinum
375,Kwideo,Renée,7 Aberg Junction,potential
376,Meedoo,Åslög,25007 Pierstorff Parkway,potential
377,Quaxo,Véronique,43322 Dorton Avenue,vip
378,Mycat,Personnalisée,5 Warrior Trail,platinum
379,Ozu,Dorothée,5 Hansons Alley,platinum
380,Babbleset,Alizée,9 Atwood Road,platinum
381,Voonder,Maïlis,2 Blackbird Court,golder
382,Vinder,Anaïs,78207 Old Gate Crossing,potential
383,Eamia,Eléonore,36 Mitchell Center,platinum
384,Jaloo,Clélia,838 Barby Center,potential
385,Innotype,Adélie,49 Farmco Parkway,diamon
386,Plajo,Måns,12 Cambridge Point,bronze
387,Brainlounge,Mårten,806 Lyons Alley,silver
388,Oyoyo,Agnès,18956 Jackson Alley,potential
389,Feedfish,Tán,5517 Starling Way,diamon
390,Topicstorm,Adélaïde,8 Jackson Circle,bronze
391,Oyoloo,Garçon,60 Fieldstone Lane,potential
392,Realbuzz,Cléa,40 Caliangt Drive,golder
393,Mymm,Marie-thérèse,59067 Barnett Park,bronze
394,Vinte,Personnalisée,400 Burrows Avenue,potential
395,Wikizz,Dà,585 American Ash Parkway,golder
396,Gabtype,Lài,30636 Transport Alley,potential
397,Meevee,Yénora,86971 Corben Crossing,silver
398,Tanoodle,Ophélie,1672 Warbler Court,vip
399,Janyx,Anaïs,28325 Kipling Parkway,vip
400,Jabbersphere,Chloé,3556 Fairfield Way,platinum
401,Janyx,Geneviève,8 Kings Avenue,potential
402,Voomm,Vérane,3838 Hintze Terrace,silver
403,Plambee,Cécile,14 Brentwood Alley,vip
404,Thoughtstorm,Géraldine,979 Washington Trail,platinum
405,Ainyx,Simplifiés,0480 Bartelt Trail,vip
406,Flipopia,Wá,810 Cody Park,platinum
407,Brainsphere,Béatrice,66 Fordem Alley,diamon
408,Edgetag,Kévina,64116 Hollow Ridge Parkway,silver
409,Devcast,Valérie,80 Stone Corner Road,bronze
410,Oozz,Nélie,237 Maryland Avenue,potential
411,Latz,Régine,37477 Scofield Trail,golder
412,Chatterpoint,Océane,1 Anzinger Point,bronze
413,Divanoodle,Aí,14494 Blaine Parkway,potential
414,Twitterbridge,Nadège,41 Pankratz Lane,platinum
415,Jatri,Maëlle,47531 Nelson Pass,diamon
416,Thoughtbeat,Andréa,5 Banding Terrace,silver
417,Thoughtbridge,Dù,251 Barby Alley,platinum
418,Riffpedia,Méryl,00480 Crest Line Court,bronze
419,Wikibox,Méthode,633 Luster Crossing,platinum
420,Avamba,Maëlys,0118 Armistice Place,platinum
421,Brightbean,Frédérique,2953 Nelson Point,platinum
422,Einti,Gaëlle,6 Cordelia Lane,bronze
423,Topicshots,Noëlla,09 Moland Trail,golder
424,BlogXS,Mélinda,8406 Dexter Road,silver
425,Gabvine,Alizée,805 International Center,platinum
426,Meeveo,Lorène,3 Debs Circle,diamon
427,Devify,Renée,3422 Vermont Center,potential
428,Skalith,Bérengère,41133 Bluestem Center,silver
429,Leenti,Cinéma,03116 Northland Point,diamon
430,Katz,Desirée,34898 Oneill Parkway,potential
431,Voomm,Vérane,4130 Straubel Drive,diamon
432,Twitterworks,Maéna,643 Stuart Court,silver
433,Feedfish,Bécassine,262 Rusk Drive,vip
434,Meembee,Annotés,1 Bowman Alley,golder
435,Agimba,Mahélie,565 Melody Alley,potential
436,Livefish,Cléa,8787 High Crossing Place,vip
437,Ooba,Camélia,8384 Fuller Point,diamon
438,Tagpad,Michèle,3 Corben Point,golder
439,Meezzy,Loïs,64 Jana Plaza,bronze
440,Skinix,Dorothée,6 Summer Ridge Terrace,golder
441,Skipfire,Märta,77 Rigney Street,bronze
442,Skynoodle,Angèle,2 Talmadge Avenue,potential
443,Reallinks,Kù,628 Summit Court,golder
444,Gigashots,Liè,443 Sycamore Way,golder
445,Midel,Loïs,80412 Glendale Avenue,vip
446,Skyba,Estève,04714 Becker Street,bronze
447,Livepath,Océane,74 Riverside Lane,bronze
448,Jayo,Andréanne,62 Forster Parkway,platinum
449,Lazz,Garçon,2 Fremont Alley,diamon
450,Chatterpoint,Tán,453 Hazelcrest Park,diamon
451,Ailane,Méline,03817 Morning Lane,platinum
452,Yodel,Eléonore,9776 Bultman Crossing,golder
453,Mynte,Märta,4 Independence Center,bronze
454,Yakijo,Clémence,69195 Spenser Crossing,platinum
455,Camido,Märta,1 Grasskamp Crossing,platinum
456,Oba,Anaël,3993 Nobel Plaza,potential
457,Mudo,Salomé,88 Calypso Center,potential
458,Yozio,Lèi,976 Marcy Park,bronze
459,Edgeblab,Pénélope,0616 Claremont Avenue,bronze
460,Yoveo,Börje,04 Stoughton Lane,bronze
461,Gabvine,Léana,8940 Continental Road,golder
462,Dynazzy,Nadège,305 Loomis Pass,bronze
463,Devshare,Loïc,4 Algoma Circle,potential
464,Skivee,Lyséa,515 Florence Parkway,potential
465,Minyx,Clémentine,1 Knutson Court,potential
466,Feedbug,Méng,13 Warner Street,bronze
467,Ooba,Adèle,62 Columbus Circle,silver
468,Gigazoom,Aimée,152 Rowland Avenue,bronze
469,Skaboo,Desirée,92293 Magdeline Alley,silver
470,Skalith,Bérénice,74148 Hermina Avenue,platinum
471,Photobug,Yénora,5951 East Center,diamon
472,Thoughtbeat,Yóu,531 Meadow Valley Street,silver
473,Trilia,Marlène,717 Lakewood Plaza,diamon
474,Yodoo,Néhémie,9 Evergreen Court,vip
475,Thoughtstorm,Björn,34226 Meadow Ridge Park,silver
476,Quire,Audréanne,17154 Washington Park,golder
477,Blogpad,Thérèse,9028 Superior Crossing,potential
478,Voonder,Réservés,29 Fulton Place,bronze
479,Wikido,Maéna,861 Sommers Trail,diamon
480,Gigazoom,Hélène,02552 Southridge Junction,bronze
481,Skivee,Gwenaëlle,921 Mitchell Alley,bronze
482,Katz,Andréa,78574 Eagle Crest Way,golder
483,Topiclounge,Néhémie,22 Carpenter Junction,bronze
484,Wikizz,Maïly,36 Bowman Lane,potential
485,Linktype,Marie-josée,59365 6th Point,golder
486,Fliptune,Bérangère,056 Anthes Trail,golder
487,Dynabox,Björn,4 Troy Trail,vip
488,Flashpoint,Wá,99 Dayton Crossing,potential
489,Gabspot,Cléopatre,97 Cordelia Drive,diamon
490,Ooba,Michèle,5 Shoshone Point,potential
491,Jetpulse,Uò,4 Forest Run Drive,diamon
492,Browsedrive,Mélina,770 Summit Place,potential
493,Wordpedia,Géraldine,5 Manley Crossing,golder
494,LiveZ,Vénus,1 Morrow Drive,silver
495,Rhynoodle,Frédérique,30506 Cascade Hill,diamon
496,Thoughtmix,Faîtes,27 Carpenter Road,golder
497,Avamm,Salomé,9332 North Trail,diamon
498,Ntags,Solène,4544 Stang Circle,vip
499,Photofeed,Simplifiés,986 Lakewood Gardens Circle,golder
500,Blogpad,Göran,05 Rigney Park,platinum
501,Skimia,Intéressant,29 Bluestem Lane,diamon
502,Photobean,Lén,4 Nobel Way,platinum
503,Mydeo,Renée,51 Heath Alley,platinum
504,Vimbo,Erwéi,530 Iowa Park,silver
505,Cogilith,Gisèle,4 Petterle Hill,platinum
506,Quinu,Táng,9354 Killdeer Parkway,bronze
507,Browsecat,Lài,608 Mendota Crossing,golder
508,Oyonder,Tú,4 Hagan Place,golder
509,Quaxo,Magdalène,09249 Chinook Trail,platinum
510,Thoughtworks,Åsa,1291 Hayes Hill,silver
511,Snaptags,Faîtes,6 Pierstorff Alley,diamon
512,Yodel,Maëline,8 Leroy Avenue,golder
513,Twimm,Judicaël,2970 Leroy Court,bronze
514,Brainbox,Célia,7991 Darwin Street,golder
515,Nlounge,Maïlys,673 Harper Crossing,diamon
516,Innojam,Táng,6615 Dixon Hill,silver
517,Jabbertype,Maéna,13 Dawn Parkway,vip
518,Katz,Almérinda,2272 Arapahoe Parkway,vip
519,Kimia,Mélodie,2969 Drewry Hill,potential
520,Yodel,Léone,92012 Hagan Trail,diamon
521,Thoughtsphere,Françoise,0128 Prairie Rose Alley,potential
522,Yotz,Zoé,4 Lotheville Junction,potential
523,Jamia,Liè,2744 Maryland Trail,golder
524,Omba,Marie-françoise,412 Mallard Terrace,diamon
525,Linkbuzz,Félicie,273 Green Ridge Way,platinum
526,Meedoo,Desirée,84539 Milwaukee Circle,vip
527,Avavee,Kévina,7682 Kim Place,bronze
528,Pixonyx,Angélique,9371 Oriole Avenue,silver
529,Livetube,Vénus,434 Lunder Circle,diamon
530,Gigaclub,Laurène,525 Cascade Center,potential
531,Digitube,Naéva,17456 Kim Place,golder
532,Camido,Loïs,11365 Bay Junction,bronze
533,Feedspan,Méthode,8 3rd Lane,bronze
534,Dabshots,Adélaïde,34742 Kinsman Terrace,platinum
535,Katz,Régine,3508 Pleasure Center,platinum
536,Snaptags,Ruò,4 Roth Way,platinum
537,Yodoo,Miléna,20 Lyons Trail,golder
538,Voonyx,Mélodie,5 Katie Road,silver
539,Skyndu,Anaël,20803 Debs Park,vip
540,Youspan,Maïly,06 Orin Pass,golder
541,Linkbridge,Yáo,1019 Lillian Road,diamon
542,LiveZ,Méthode,24 Sheridan Park,platinum
543,Tazz,Björn,59865 Mockingbird Crossing,bronze
544,Aimbo,Miléna,2 Annamark Way,potential
545,Voonder,Françoise,72 Reindahl Road,golder
546,Shufflebeat,Félicie,33619 Pine View Junction,silver
547,Wikizz,Mélissandre,3 Oxford Alley,potential
548,Abatz,Angélique,93208 Mifflin Point,bronze
549,Dynazzy,Estée,3 Anzinger Parkway,silver
550,Kaymbo,Aurélie,4693 Merry Alley,golder
551,Flashset,Camélia,8675 Oneill Junction,silver
552,Mybuzz,Maëlyss,570 Gale Park,diamon
553,Einti,Stéphanie,62 Forest Dale Road,bronze
554,Devcast,Kallisté,96 Lake View Junction,platinum
555,Lazz,Séréna,31441 Goodland Hill,golder
556,Roodel,Styrbjörn,30 Hoepker Court,potential
557,Eire,Geneviève,321 Burrows Place,golder
558,Eamia,Béatrice,3571 Sachtjen Way,golder
559,Twinder,Mélia,59 Bobwhite Place,bronze
560,Pixonyx,Uò,4457 Burning Wood Avenue,silver
561,Mymm,Médiamass,303 Bellgrove Trail,vip
562,Janyx,Erwéi,46516 Morningstar Drive,silver
563,Mybuzz,Loïs,9 Arizona Circle,bronze
564,Dabfeed,Adélaïde,18180 Helena Circle,golder
565,Blognation,Léane,0 Meadow Ridge Road,diamon
566,LiveZ,Judicaël,93190 7th Circle,platinum
567,Wikizz,Crééz,48 Jenna Circle,golder
568,Twitternation,Méryl,37342 Maryland Park,diamon
569,Fiveclub,Nélie,7398 Merry Point,bronze
570,Fivebridge,Cunégonde,674 Hooker Place,diamon
571,Oyoloo,Valérie,67461 Lawn Junction,diamon
572,Mybuzz,Célestine,0010 Paget Point,potential
573,Dabshots,Séréna,82 Acker Junction,golder
574,Izio,Andréanne,9197 Bobwhite Terrace,golder
575,Yakidoo,Faîtes,82076 Fremont Hill,silver
576,Feednation,Östen,6 Memorial Way,silver
577,Feedmix,Almérinda,838 Anniversary Center,platinum
578,Jaxbean,Solène,978 Towne Terrace,golder
579,Dabjam,Laïla,81 Crownhardt Lane,potential
580,Twiyo,Bérénice,9 Schiller Road,golder
581,Yodel,Intéressant,52 Emmet Point,silver
582,Topicstorm,Bécassine,49697 Farmco Center,potential
583,Voonte,Maëly,038 Upham Pass,platinum
584,Talane,Maëlla,56 Michigan Pass,golder
585,Eadel,Alizée,72 Superior Alley,silver
586,Brainverse,Rachèle,2172 Dunning Pass,bronze
587,Linktype,Célia,2 Lien Circle,bronze
588,Jabbercube,Yè,9 Shopko Junction,vip
589,Jayo,Lauréna,697 Pearson Circle,silver
590,Rhycero,Faîtes,0944 Bunker Hill Drive,potential
591,Browsezoom,Josée,2549 American Ash Court,diamon
592,Myworks,Anaëlle,00116 Calypso Junction,golder
593,JumpXS,Mélissandre,8230 Commercial Circle,vip
594,Kamba,Uò,080 Stang Trail,vip
595,Yakijo,Estée,60564 Charing Cross Alley,potential
596,Twimbo,Kévina,05330 Anthes Road,diamon
597,Devcast,Mélinda,70 Derek Parkway,silver
598,Tavu,Gaïa,24 Sherman Trail,bronze
599,Plambee,Gérald,7730 Claremont Parkway,bronze
600,Buzzdog,Gérald,83834 Thackeray Parkway,platinum
601,Geba,Mà,76114 Waxwing Hill,diamon
602,Roodel,Aurélie,9 Quincy Alley,diamon
603,Babbleblab,Miléna,3 Anthes Circle,vip
604,Skinix,Maëlle,70305 Calypso Parkway,silver
605,Mycat,Méryl,1930 Blaine Pass,vip
606,Twimbo,Yáo,93 Shelley Plaza,silver
607,BlogXS,Célestine,9922 Westridge Junction,golder
608,Flashset,Méthode,8888 Bayside Parkway,bronze
609,Pixoboo,Hélèna,7 Crest Line Terrace,bronze
610,Aimbo,Maëlle,1665 Gale Court,diamon
611,Ooba,Illustrée,10936 Northwestern Park,bronze
612,Skibox,Ruì,970 Badeau Hill,platinum
613,Meejo,Anaël,0 Mosinee Lane,potential
614,Meeveo,Mélissandre,7 Stone Corner Avenue,potential
615,Dynabox,Méng,9072 Tony Hill,golder
616,Youopia,Göran,730 Glendale Circle,vip
617,Yozio,Desirée,5 Oakridge Plaza,platinum
618,Vidoo,Mà,2 Division Point,diamon
619,Gabspot,Maïly,42220 Shopko Terrace,golder
620,Devify,Mélys,889 Haas Center,diamon
621,Wikivu,Maéna,2 Derek Park,diamon
622,Jayo,Lài,2428 Memorial Circle,diamon
623,Kwimbee,Aurélie,24683 Susan Junction,platinum
624,Dabfeed,Méthode,3433 3rd Circle,vip
625,Npath,Léonie,7934 Porter Way,diamon
626,Shuffledrive,Maéna,6 Tennessee Court,bronze
627,Cogidoo,Ophélie,78 Welch Road,diamon
628,Babblestorm,Cinéma,52 Hayes Trail,golder
629,Plambee,Stévina,211 Summit Plaza,potential
630,Skyndu,Esbjörn,3829 Norway Maple Drive,potential
631,Agivu,Aimée,602 Claremont Alley,silver
632,Quinu,Maëlle,6 Linden Place,golder
633,Ozu,Néhémie,8 Lukken Circle,bronze
634,Riffpedia,Maï,29269 Del Sol Junction,vip
635,Fivechat,Rachèle,23292 Golf Course Way,golder
636,Shuffletag,Görel,1285 Sherman Park,silver
637,Eare,Léonie,70 Granby Alley,silver
638,Youspan,Aurélie,088 Lighthouse Bay Junction,bronze
639,Oodoo,Lèi,7390 New Castle Hill,vip
640,Topicware,Göran,2 Surrey Road,bronze
641,Omba,Marie-thérèse,7 Southridge Parkway,vip
642,Latz,Ruì,261 Mccormick Avenue,vip
643,Edgeclub,Ruì,46 Thompson Park,diamon
644,Tagpad,Marlène,6 4th Avenue,vip
645,Rhynoodle,Gösta,09666 Transport Place,golder
646,Voomm,Mélissandre,5215 Aberg Street,platinum
647,Twimbo,Lóng,1 Golf Course Hill,golder
648,LiveZ,Eléonore,5441 Harper Way,platinum
649,Jaloo,Léana,86 Evergreen Circle,vip
650,Meedoo,Lén,60 Steensland Avenue,bronze
651,Rhynyx,Tán,364 Rusk Junction,silver
652,Zoovu,Maëline,95 Kenwood Drive,vip
653,Shuffletag,Nadège,1605 Delladonna Park,platinum
654,Wikido,Eloïse,233 Butternut Trail,diamon
655,Zoomcast,Mylène,632 Summerview Alley,platinum
656,Flashset,Yú,3 Anhalt Place,potential
657,Eadel,Tán,58 Raven Drive,potential
658,Yotz,Maïwenn,0 Bartelt Pass,diamon
659,Lazzy,Maëlla,63 Surrey Lane,bronze
660,Gabspot,Nuó,13841 Dennis Street,silver
661,Eadel,Josée,3 Bartillon Center,golder
662,Tagpad,Zoé,7 Carpenter Drive,golder
663,Brightdog,Maéna,80 Northridge Crossing,golder
664,Skiptube,Gisèle,7589 Gale Plaza,diamon
665,Dabtype,Zhì,33 Merchant Alley,bronze
666,Tazzy,Liè,12 Toban Court,bronze
667,Dynazzy,Eliès,81320 Kinsman Plaza,silver
668,Devbug,Mà,46 Badeau Crossing,diamon
669,Oodoo,Bérengère,92 Duke Way,bronze
670,Feedbug,Åsa,5 Garrison Parkway,bronze
671,Devbug,Méthode,544 Buena Vista Circle,bronze
672,Pixoboo,Aí,19 Sycamore Point,vip
673,Kazu,Mélia,67 Jenna Point,vip
674,Zoomzone,Börje,03507 Kings Place,platinum
675,Fadeo,Angèle,50265 Sherman Crossing,bronze
676,Buzzdog,Mélissandre,35722 Straubel Hill,vip
677,Mydo,Géraldine,79220 Summer Ridge Point,diamon
678,Flashpoint,Lóng,3789 Gerald Way,diamon
679,Leenti,Léone,50 Lawn Lane,diamon
680,Riffpedia,Anaïs,68801 Pankratz Park,vip
681,Trudoo,Publicité,99 Saint Paul Park,potential
682,Camido,Maïwenn,29 Montana Hill,potential
683,Vipe,Mylène,459 Anzinger Way,platinum
684,Photobug,Mårten,5 Esker Avenue,diamon
685,Viva,Audréanne,586 Shelley Pass,vip
686,Devcast,Mélodie,07568 Pierstorff Trail,silver
687,Photolist,Séverine,2802 Stoughton Park,potential
688,Avamm,Ophélie,658 Center Hill,golder
689,Oyoba,Erwéi,8510 Algoma Circle,bronze
690,Oyoloo,Marie-josée,21 Union Trail,vip
691,Innojam,Vérane,7548 Dorton Place,golder
692,InnoZ,Intéressant,75 Ruskin Hill,golder
693,Youspan,Aí,3 Elgar Road,bronze
694,Flipstorm,Méryl,8 Cascade Court,potential
695,Eazzy,Réservés,2161 Hanover Junction,golder
696,Youopia,Yè,1104 Daystar Lane,silver
697,Yata,Andrée,1 Corry Trail,vip
698,Mudo,Maï,6572 Dunning Way,potential
699,Photolist,Léonore,617 Forest Run Alley,diamon
700,Demizz,Erwéi,92265 Ruskin Court,diamon
701,Geba,Marie-ève,9051 American Park,potential
702,Tagcat,Fèi,05077 Parkside Point,platinum
703,Gigashots,Marie-thérèse,5055 Mcguire Circle,golder
704,Fadeo,Clélia,9037 Milwaukee Drive,diamon
705,Thoughtsphere,Personnalisée,415 Waxwing Alley,silver
706,Ozu,Åsa,0 Lake View Point,platinum
707,Twinte,Gaïa,10871 International Court,diamon
708,Fiveclub,Naéva,0 Portage Place,potential
709,Mudo,Noémie,002 Myrtle Crossing,golder
710,Twitterbeat,Görel,3447 Westend Place,golder
711,Youspan,Cléopatre,04 Bonner Road,golder
712,Zoonder,Noëlla,9 Almo Plaza,platinum
713,Photofeed,Léane,51 Blaine Street,platinum
714,Linkbridge,Táng,929 Debra Pass,platinum
715,Blogpad,Andrée,573 Meadow Valley Terrace,platinum
716,Edgepulse,Séréna,2256 Carey Point,potential
717,Fatz,Ophélie,10 Little Fleur Hill,potential
718,Photobean,Géraldine,53 Corry Crossing,diamon
719,Buzzbean,Åslög,458 Duke Hill,golder
720,Vipe,Daphnée,37842 Union Park,vip
721,Meevee,Méghane,593 Northport Crossing,diamon
722,Podcat,Laïla,877 Bunker Hill Avenue,platinum
723,Voomm,Lauréna,37 Mockingbird Parkway,platinum
724,Yodel,Eléonore,3 Brickson Park Parkway,golder
725,Snaptags,Véronique,84649 Meadow Valley Circle,potential
726,Yodo,Médiamass,6 Bay Road,diamon
727,Devify,Régine,02 Carpenter Point,bronze
728,Vinte,Publicité,95420 School Park,golder
729,Skaboo,Laïla,88 Autumn Leaf Pass,potential
730,Tekfly,Liè,6447 Schlimgen Avenue,golder
731,Skimia,Rébecca,82290 Arkansas Plaza,platinum
732,Fivespan,Marie-josée,069 Lukken Parkway,platinum
733,Leenti,Chloé,10287 Eagle Crest Crossing,bronze
734,Flashpoint,Märta,62269 Oneill Plaza,silver
735,Realcube,Maëlyss,0 Utah Avenue,bronze
736,Yamia,Océane,7 Monterey Trail,vip
737,Realcube,Faîtes,78 Northland Junction,golder
738,Twitterworks,Loïs,69872 Mitchell Road,platinum
739,Voonix,Stéphanie,76 Dakota Trail,golder
740,Fivechat,Mélia,18011 Elmside Avenue,bronze
741,Wikizz,Gaëlle,2396 Waubesa Alley,platinum
742,Demizz,Fèi,12672 Longview Street,potential
743,Topdrive,Jú,04 Reindahl Plaza,vip
744,Tagtune,Märta,0874 Goodland Avenue,bronze
745,Avamm,Léone,5 Green Parkway,vip
746,Dabvine,Josée,3701 Doe Crossing Court,golder
747,Eabox,Adèle,850 Redwing Center,bronze
748,Dazzlesphere,Cléa,39 Moose Avenue,golder
749,Linklinks,Véronique,103 Old Shore Way,bronze
750,Eare,Östen,5046 Texas Place,potential
751,Edgewire,Eliès,31593 Waubesa Road,bronze
752,Meedoo,Annotés,77 7th Junction,silver
753,Gabtype,Agnès,2442 Northview Terrace,potential
754,Zoovu,Angèle,0 Commercial Terrace,vip
755,Skinte,Adélaïde,4357 Surrey Terrace,diamon
756,Linktype,Angélique,2 Thierer Hill,potential
757,Jetpulse,Agnès,2228 Northfield Trail,diamon
758,Eamia,Océanne,9 Sundown Terrace,platinum
759,Tekfly,Clémentine,88822 Anderson Trail,diamon
760,Jaxspan,Kévina,7 Tennyson Way,diamon
761,Brightbean,Gaïa,6 Delladonna Terrace,vip
762,Skyndu,Ruì,947 Lotheville Center,silver
763,Thoughtstorm,Solène,972 Mariners Cove Plaza,silver
764,Agimba,Ophélie,42359 Corry Lane,platinum
765,Realfire,Camélia,79 Kropf Place,bronze
766,DabZ,Maï,6312 Muir Trail,silver
767,Zoombeat,Frédérique,79921 Petterle Way,diamon
768,Quaxo,Naëlle,6370 Dawn Point,silver
769,LiveZ,Dà,80231 La Follette Street,golder
770,Skalith,Maëly,885 Kinsman Trail,vip
771,Gabspot,Annotée,600 Elgar Alley,bronze
772,Fivechat,Tán,410 Dunning Crossing,vip
773,Jabbersphere,Esbjörn,1 Bayside Road,platinum
774,Camimbo,Vénus,04 Killdeer Parkway,silver
775,Wikivu,Mélia,91 Atwood Center,silver
776,Gigazoom,Torbjörn,4 Sunnyside Terrace,golder
777,Voolia,Maëlle,756 Loomis Hill,platinum
778,Youbridge,Maïlys,558 Ryan Point,golder
779,Zoonder,Maïlis,2 Clarendon Point,vip
780,Trilith,Eliès,7 Hansons Place,bronze
781,Twiyo,Thérèse,41488 Warner Parkway,diamon
782,Gigabox,Lauréna,04984 Killdeer Way,diamon
783,Vitz,Néhémie,72 Almo Court,bronze
784,Geba,Solène,6 Pleasure Alley,potential
785,Topicblab,Irène,9 Kipling Trail,bronze
786,Shufflester,Aurélie,88512 Rowland Park,potential
787,Podcat,Léana,1617 Farragut Crossing,potential
788,Jamia,Örjan,61 Union Park,vip
789,JumpXS,Esbjörn,6855 Doe Crossing Junction,potential
790,Edgewire,Eloïse,36947 Weeping Birch Crossing,bronze
791,Brainsphere,Garçon,672 Esker Drive,potential
792,Mynte,Mélissandre,865 Eastlawn Parkway,silver
793,Skilith,Ruò,76353 Esker Drive,vip
794,Mybuzz,Cléopatre,008 Rusk Park,bronze
795,Youbridge,Andrée,05093 Annamark Way,bronze
796,Eazzy,Réservés,4883 Merchant Street,diamon
797,Zava,Hélène,84 4th Lane,golder
798,Yadel,Médiamass,311 Commercial Crossing,vip
799,Gigabox,Gérald,98570 Aberg Point,vip
800,Lazz,Angélique,34 Farragut Point,golder
801,Avaveo,Réjane,47309 Sherman Terrace,potential
802,Voolith,Ophélie,980 Victoria Court,bronze
803,Thoughtmix,Noémie,271 3rd Terrace,bronze
804,Centizu,Ruì,4 Rockefeller Plaza,diamon
805,Lajo,Märta,2997 Esch Junction,bronze
806,Podcat,Torbjörn,175 4th Center,vip
807,Browsebug,Yóu,84086 Montana Drive,platinum
808,Shuffledrive,Edmée,1 Johnson Place,diamon
809,Youopia,Mégane,90554 Upham Plaza,golder
810,Zoomlounge,Ráo,4972 Schurz Avenue,platinum
811,Feedspan,Régine,2 Homewood Court,bronze
812,Kayveo,Yú,03664 Towne Drive,silver
813,Fatz,Bénédicte,9470 Carpenter Point,golder
814,Demimbu,Östen,350 Straubel Place,potential
815,Eayo,Lucrèce,38034 Darwin Pass,potential
816,Zoozzy,Esbjörn,4950 Reindahl Avenue,golder
817,Gigashots,Hélène,4794 Nova Way,potential
818,Buzzshare,Cléa,3 Mayer Junction,silver
819,Shufflester,Dafnée,9157 Beilfuss Point,platinum
820,Abatz,Bécassine,04 Homewood Avenue,golder
821,Jetwire,Andrée,006 Eastwood Trail,potential
822,Wordpedia,Pénélope,94 Brown Trail,diamon
823,Gigazoom,Athéna,6 Kipling Terrace,potential
824,Zoombox,Zoé,74 Shasta Drive,silver
825,Dabtype,Françoise,4083 Bellgrove Park,silver
826,Jazzy,Jú,08 Blackbird Parkway,platinum
827,Demizz,Solène,49 Oneill Drive,potential
828,Eazzy,Björn,5401 Cottonwood Street,golder
829,Realbuzz,Méryl,338 Hermina Pass,platinum
830,Voonte,Björn,6 Tomscot Parkway,silver
831,Kwinu,Céline,40688 Lake View Plaza,golder
832,Riffpedia,Adélie,0 Monument Terrace,platinum
833,Photobug,Maëline,878 Sheridan Lane,vip
834,Katz,Edmée,79 Canary Junction,silver
835,Aibox,Eléonore,13159 Esker Parkway,potential
836,Yata,Marie-hélène,457 Del Mar Crossing,vip
837,Shufflester,Gaétane,5748 Clarendon Park,golder
838,Twinder,Bérengère,32237 Delladonna Street,platinum
839,Zoonoodle,Léandre,88 Starling Center,platinum
840,Innojam,Renée,2 Rigney Point,vip
841,Twitterlist,Börje,64 Lakewood Avenue,golder
842,Voolith,Laurène,9 Village Green Place,silver
843,Kwimbee,Méthode,2255 Springs Alley,vip
844,Jatri,Lài,0 Talmadge Place,diamon
845,Blognation,Camélia,22266 Coleman Lane,golder
846,Edgeclub,Angélique,360 Parkside Hill,vip
847,Twitterworks,Mélanie,74 Parkside Hill,bronze
848,Browsedrive,Joséphine,00 Onsgard Lane,silver
849,Trunyx,Bécassine,250 Bartillon Park,bronze
850,Bluezoom,Laurène,70482 Bluestem Plaza,silver
851,Fliptune,Laurélie,74806 Valley Edge Trail,golder
852,Edgeblab,Kù,51 Caliangt Alley,potential
853,Edgepulse,Léonie,3024 Springs Court,silver
854,Quatz,Maïly,74059 Sloan Place,golder
855,Yodoo,Athéna,13 Forest Dale Parkway,golder
856,Gabvine,Görel,1 Johnson Drive,golder
857,Minyx,Eléonore,94 Paget Pass,potential
858,Jaxnation,Magdalène,56 Everett Terrace,silver
859,Yodo,Geneviève,4601 Paget Parkway,potential
860,Riffpedia,Rachèle,99 Dryden Alley,golder
861,Topiczoom,Eugénie,15822 Shasta Plaza,potential
862,Zooveo,Ophélie,72 Melody Terrace,potential
863,Wikido,Zhì,889 Pawling Place,bronze
864,Zooveo,Séréna,4 Bluestem Point,platinum
865,Yodel,Faîtes,8 Bay Circle,golder
866,Jabberbean,Illustrée,360 Golf Court,vip
867,Jaxbean,Solène,4 Carioca Junction,golder
868,Skiptube,Solène,5491 Grover Drive,platinum
869,Kwimbee,Camélia,0090 Delladonna Lane,platinum
870,Voomm,Loïc,61 North Street,silver
871,Thoughtbeat,Maëly,18486 Schiller Circle,potential
872,Trilia,Kuí,80294 Melvin Junction,vip
873,Aimbu,Léa,88335 Eagle Crest Junction,vip
874,Dabshots,Naëlle,9 Roxbury Park,platinum
875,Jaloo,Dafnée,08 Bonner Crossing,diamon
876,Devcast,Clémence,62 Northridge Plaza,golder
877,Twitterlist,Åsa,0 Carioca Avenue,platinum
878,Skajo,Clélia,48130 Chinook Place,silver
879,Livepath,Örjan,897 Merchant Circle,potential
880,Shuffledrive,Océane,645 Farwell Road,silver
881,Snaptags,Garçon,18359 Sachs Center,bronze
882,Ozu,Bérengère,6 Glacier Hill Trail,vip
883,Meemm,Réjane,6 Kinsman Drive,potential
884,Babbleblab,Méng,200 Sutteridge Pass,platinum
885,Dablist,Måns,880 Forest Lane,golder
886,Brightbean,Marlène,4 Buell Court,vip
887,Camimbo,Audréanne,019 Crest Line Park,bronze
888,Dabfeed,Jú,97 Menomonie Drive,golder
889,Camido,Vénus,6 Spaight Pass,potential
890,Yadel,Mélys,7025 Amoth Pass,potential
891,Reallinks,Maïwenn,77 Stephen Crossing,bronze
892,Demizz,Marie-thérèse,9153 Burning Wood Point,vip
893,Twitterworks,Yénora,6747 Sommers Crossing,vip
894,Trilith,Pò,0 Carpenter Circle,platinum
895,Youspan,Göran,486 Morrow Avenue,bronze
896,Blogpad,Léane,3 Armistice Crossing,potential
897,Photolist,Alizée,434 Messerschmidt Parkway,platinum
898,Innojam,Annotés,7 Oak Valley Parkway,potential
899,Quire,Pò,73879 Alpine Terrace,potential
900,Oyoloo,Adèle,4201 Spenser Avenue,silver
901,Zoovu,Maëly,12 Mayer Crossing,bronze
902,Yombu,Bénédicte,1 Melby Crossing,diamon
903,Plajo,Bérengère,99476 Hazelcrest Circle,platinum
904,Quimm,Pélagie,564 Sugar Drive,bronze
905,Ntag,Mégane,803 Judy Parkway,platinum
906,Skyvu,Hélèna,7 Bay Terrace,golder
907,Janyx,Dà,04352 Del Mar Plaza,bronze
908,Devbug,Gisèle,27693 Roxbury Point,golder
909,Quinu,Solène,79 Schmedeman Crossing,platinum
910,Twitterbridge,Pénélope,15902 Upham Junction,platinum
911,Flipstorm,Geneviève,67281 Novick Parkway,vip
912,Twimm,Bérengère,36493 Lerdahl Center,vip
913,Zoombox,Pål,4698 Beilfuss Road,platinum
914,Wordtune,Célestine,2 Barby Court,diamon
915,Bubbletube,Daphnée,79037 Declaration Way,golder
916,Zoovu,Yáo,92 Declaration Drive,vip
917,Vinte,Intéressant,41924 Southridge Hill,platinum
918,Topiclounge,Aurélie,0937 Sheridan Pass,diamon
919,Chatterpoint,Ruò,05 Roth Drive,platinum
920,Livetube,Fèi,9920 Carpenter Court,bronze
921,Mudo,Åsa,21685 Continental Terrace,golder
922,Zazio,Anaé,2 Rigney Court,potential
923,Fliptune,Maïté,86 New Castle Point,vip
924,Yoveo,Félicie,60196 Caliangt Plaza,platinum
925,Kwimbee,Dorothée,71 Little Fleur Alley,silver
926,Buzzster,Desirée,9 Springview Road,silver
927,Kaymbo,Cunégonde,0149 Calypso Terrace,potential
928,Zooxo,Marie-josée,70392 Hoepker Way,silver
929,Jabbercube,Maëlla,4 Rockefeller Avenue,platinum
930,Pixonyx,Clémence,4 Golf Terrace,bronze
931,Thoughtbeat,Yóu,167 Katie Pass,platinum
932,Riffpath,Maïlys,4 Rusk Way,diamon
933,Trilith,Östen,1 Ryan Lane,vip
934,Eire,Loïca,6 Kensington Place,vip
935,Photobean,Mårten,68859 Anderson Drive,golder
936,Jabbercube,Andréa,01 Clarendon Crossing,platinum
937,Mybuzz,Nélie,0 Norway Maple Hill,vip
938,Topdrive,Uò,77009 Lighthouse Bay Hill,platinum
939,Tekfly,Maéna,4 Tennyson Way,potential
940,Twitternation,Célia,39808 Prentice Crossing,vip
941,Twimbo,Miléna,5 Amoth Circle,golder
942,Tagpad,Mà,00262 Farmco Terrace,diamon
943,Flashdog,Anaïs,248 Cody Avenue,silver
944,Jetpulse,Kallisté,2 Warbler Parkway,diamon
945,Mymm,Crééz,97 Sage Street,golder
946,Quimba,Méthode,3675 Cordelia Trail,bronze
947,Mita,Eliès,24 Shasta Way,golder
948,Thoughtbeat,Rachèle,21 Sachs Court,bronze
949,Mudo,Lèi,3 Reinke Alley,bronze
950,LiveZ,Daphnée,71481 Coleman Center,bronze
951,Fatz,Marie-ève,15 Blackbird Road,vip
952,Mycat,Sélène,4 Badeau Avenue,golder
953,Jatri,Léone,374 Sauthoff Pass,vip
954,Realbridge,Vérane,74506 Sommers Terrace,golder
955,Aibox,Naéva,23 Pine View Center,bronze
956,Skynoodle,Crééz,29 Main Avenue,potential
957,Realpoint,Méthode,06 Algoma Crossing,potential
958,Topicshots,Fèi,9 Green Pass,platinum
959,Realpoint,Maëly,87 Delladonna Alley,vip
960,Zoomcast,Bécassine,6305 Caliangt Hill,golder
961,Yakidoo,Almérinda,9222 Judy Terrace,bronze
962,Zoombeat,Yú,62004 Harper Junction,diamon
963,Wordtune,Josée,025 Waxwing Lane,golder
964,Mynte,Adèle,83381 Killdeer Pass,platinum
965,Skiba,Dorothée,2 Londonderry Point,diamon
966,Trunyx,Håkan,60 Warbler Hill,vip
967,Oodoo,Åsa,8 Loeprich Crossing,vip
968,Oyoloo,Camélia,49296 Independence Drive,silver
969,Dynabox,Hélèna,72 Jay Avenue,vip
970,Linktype,Gaétane,4403 Straubel Park,potential
971,Yadel,Håkan,6574 Erie Court,bronze
972,Zoonder,Örjan,33410 Northport Place,golder
973,Quatz,Magdalène,3439 Springs Street,silver
974,Avamba,Desirée,8221 Marcy Place,platinum
975,Jabberstorm,Eliès,76841 Bunting Hill,silver
976,Oozz,Valérie,1 Riverside Plaza,diamon
977,Twitterwire,Marylène,4 Farmco Road,vip
978,Skimia,Nuó,414 Carey Circle,bronze
979,Oyonder,Eloïse,50109 Talisman Junction,vip
980,Centidel,Hélène,21 Elmside Circle,potential
981,Kazio,Geneviève,0387 Dayton Drive,golder
982,Wikibox,Alizée,1381 Ruskin Terrace,vip
983,Rhybox,Eloïse,47 Maywood Junction,potential
984,Snaptags,Inès,252 Stang Place,platinum
985,Mita,Athéna,433 Grasskamp Terrace,bronze
986,Riffpath,Léana,7408 Hooker Way,silver
987,Voonte,Séverine,1 Victoria Lane,potential
988,Katz,Måns,448 Kim Point,golder
989,Oba,Valérie,8154 Anhalt Terrace,vip
990,Mynte,Lorène,51 Bunting Park,potential
991,Feedbug,Mélina,2 Dixon Drive,vip
992,Mycat,Séréna,51 Charing Cross Plaza,golder
993,Blogspan,Marie-hélène,66 Ilene Way,vip
994,Chatterbridge,Naéva,87907 Rutledge Plaza,silver
995,Cogilith,Marie-hélène,225 Miller Parkway,golder
996,Fivespan,Néhémie,89347 Corben Junction,vip
997,Browsezoom,Pål,3 Carioca Circle,platinum
998,Skimia,Vérane,949 Dawn Avenue,silver
999,Roomm,Maëlle,15539 Thackeray Parkway,silver
1000,Mita,Marie-noël,257 Holy Cross Avenue,platinum
